ai_call_id,incident_id,use_case,model,topology_snapshot_id,alarm_count,token_count,recommendation_risk,approval_required,guardrail_status
REC-0001,INC-00001,high_risk,not_enforced,TOP-00001,128,73,standard,ai_assisted,requires_review
AI_-00002,INC-00002,rejected,requires_review,TOP-00002,1006,3264,high_risk,not_enforced,vendor
AI_-00003,INC-00003,normal,pending,TOP-00003,2519,1023,not_enforced,manual,not_enforced
AI_-00004,INC-00004,manual,standard,TOP-00004,2882,1945,high_risk,internal,approved
AI_-00005,INC-00005,ai_assisted,not_enforced,TOP-00005,3400,2964,normal,normal,high_risk
AI_-00006,INC-00006,high_risk,requires_review,TOP-00006,1136,4177,degraded,rejected,approved
AI_-00007,INC-00007,manual,vendor,TOP-00007,4278,4656,internal,standard,requires_review
AI_-00008,INC-00008,approved,manual,TOP-00008,2245,157,pending,manual,rejected
AI_-00009,INC-00009,internal,pending,TOP-00009,164,4126,requires_review,high_risk,high_risk
AI_-00010,INC-00010,vendor,requires_review,TOP-00010,2261,92,not_enforced,requires_review,rejected
AI_-00011,INC-00011,pending,approved,TOP-00011,1530,2055,high_risk,approved,manual
AI_-00012,INC-00012,pending,approved,TOP-00012,4073,1389,vendor,vendor,rejected
AI_-00013,INC-00013,rejected,requires_review,TOP-00013,958,4102,ai_assisted,rejected,rejected
AI_-00014,INC-00014,not_enforced,standard,TOP-00014,363,542,degraded,rejected,requires_review
AI_-00015,INC-00015,vendor,approved,TOP-00015,1592,1152,requires_review,high_risk,ai_assisted
AI_-00016,INC-00016,legacy,legacy,TOP-00016,1470,1414,not_enforced,pending,approved
AI_-00017,INC-00017,normal,rejected,TOP-00017,2960,586,requires_review,vendor,approved
AI_-00018,INC-00018,manual,not_enforced,TOP-00018,3283,3896,standard,manual,degraded
AI_-00019,INC-00019,approved,degraded,TOP-00019,3306,54,pending,manual,requires_review
AI_-00020,INC-00020,internal,ai_assisted,TOP-00020,599,4829,high_risk,standard,ai_assisted
AI_-00021,INC-00021,legacy,manual,TOP-00021,3410,594,degraded,legacy,internal
AI_-00022,INC-00022,degraded,normal,TOP-00022,2572,4837,internal,vendor,not_enforced
AI_-00023,INC-00023,degraded,requires_review,TOP-00023,3585,2725,vendor,rejected,standard
AI_-00024,INC-00024,requires_review,manual,TOP-00024,1345,285,internal,vendor,vendor
AI_-00025,INC-00025,standard,degraded,TOP-00025,3197,2083,normal,not_enforced,degraded
AI_-00026,INC-00026,standard,internal,TOP-00026,3094,2561,high_risk,normal,internal
AI_-00027,INC-00027,manual,degraded,TOP-00027,4907,386,approved,rejected,manual
AI_-00028,INC-00028,requires_review,high_risk,TOP-00028,3104,2378,standard,legacy,requires_review
AI_-00029,INC-00029,degraded,requires_review,TOP-00029,3887,686,standard,internal,standard
AI_-00030,INC-00030,normal,degraded,TOP-00030,1988,2875,standard,normal,high_risk
AI_-00031,INC-00031,pending,manual,TOP-00031,4859,2319,not_enforced,vendor,vendor
AI_-00032,INC-00032,normal,normal,TOP-00032,3785,495,high_risk,not_enforced,ai_assisted
AI_-00033,INC-00033,vendor,high_risk,TOP-00033,3854,1995,high_risk,ai_assisted,pending
AI_-00034,INC-00034,degraded,ai_assisted,TOP-00034,902,2949,degraded,normal,ai_assisted
AI_-00035,INC-00035,manual,pending,TOP-00035,4861,2010,approved,rejected,standard
AI_-00036,INC-00036,high_risk,degraded,TOP-00036,2453,2304,requires_review,not_enforced,high_risk
AI_-00037,INC-00037,vendor,requires_review,TOP-00037,1707,3154,degraded,requires_review,rejected
AI_-00038,INC-00038,high_risk,approved,TOP-00038,4839,193,normal,requires_review,manual
AI_-00039,INC-00039,manual,approved,TOP-00039,2596,2447,manual,not_enforced,rejected
AI_-00040,INC-00040,manual,internal,TOP-00040,3323,438,normal,not_enforced,requires_review
AI_-00041,INC-00041,vendor,approved,TOP-00041,3931,1845,manual,ai_assisted,pending
AI_-00042,INC-00042,ai_assisted,requires_review,TOP-00042,3571,4800,legacy,vendor,normal
AI_-00043,INC-00043,ai_assisted,pending,TOP-00043,4788,4046,rejected,normal,high_risk
AI_-00044,INC-00044,internal,high_risk,TOP-00044,2185,2704,standard,legacy,high_risk
AI_-00045,INC-00045,internal,legacy,TOP-00045,1515,656,high_risk,approved,approved
AI_-00046,INC-00046,requires_review,manual,TOP-00046,4290,1203,rejected,normal,not_enforced
AI_-00047,INC-00047,manual,ai_assisted,TOP-00047,4586,4590,not_enforced,rejected,rejected
AI_-00048,INC-00048,internal,not_enforced,TOP-00048,1496,789,rejected,manual,internal
AI_-00049,INC-00049,high_risk,internal,TOP-00049,3470,4375,internal,pending,legacy
AI_-00050,INC-00050,internal,high_risk,TOP-00050,2037,3830,vendor,legacy,rejected
AI_-00051,INC-00051,rejected,legacy,TOP-00051,2732,193,high_risk,high_risk,ai_assisted
AI_-00052,INC-00052,rejected,normal,TOP-00052,1842,572,normal,not_enforced,degraded
AI_-00053,INC-00053,requires_review,rejected,TOP-00053,2558,713,degraded,requires_review,not_enforced
AI_-00054,INC-00054,high_risk,ai_assisted,TOP-00054,452,4495,not_enforced,degraded,vendor
AI_-00055,INC-00055,normal,approved,TOP-00055,1038,2600,manual,requires_review,internal
AI_-00056,INC-00056,normal,standard,TOP-00056,3056,3517,standard,degraded,vendor
AI_-00057,INC-00057,vendor,manual,TOP-00057,4144,804,pending,normal,manual
AI_-00058,INC-00058,degraded,vendor,TOP-00058,290,3644,approved,standard,not_enforced
AI_-00059,INC-00059,manual,normal,TOP-00059,4913,639,normal,high_risk,ai_assisted
AI_-00060,INC-00060,vendor,rejected,TOP-00060,3038,1477,approved,high_risk,degraded
AI_-00061,INC-00061,rejected,internal,TOP-00061,230,4034,pending,standard,manual
AI_-00062,INC-00062,approved,degraded,TOP-00062,4272,1750,normal,pending,normal
AI_-00063,INC-00063,degraded,legacy,TOP-00063,2278,748,approved,degraded,legacy
AI_-00064,INC-00064,high_risk,not_enforced,TOP-00064,429,3517,approved,degraded,rejected
AI_-00065,INC-00065,normal,not_enforced,TOP-00065,2484,4241,internal,manual,internal
AI_-00066,INC-00066,manual,normal,TOP-00066,1436,1988,normal,pending,standard
AI_-00067,INC-00067,normal,normal,TOP-00067,2895,4548,high_risk,legacy,internal
AI_-00068,INC-00068,high_risk,vendor,TOP-00068,1301,1700,rejected,not_enforced,standard
AI_-00069,INC-00069,normal,internal,TOP-00069,4203,171,legacy,manual,requires_review
AI_-00070,INC-00070,standard,rejected,TOP-00070,2791,3282,standard,rejected,approved
AI_-00071,INC-00071,legacy,rejected,TOP-00071,3031,1519,high_risk,not_enforced,normal
AI_-00072,INC-00072,requires_review,vendor,TOP-00072,3143,3225,internal,rejected,vendor
AI_-00073,INC-00073,degraded,requires_review,TOP-00073,1373,4193,degraded,vendor,standard
AI_-00074,INC-00074,degraded,degraded,TOP-00074,1969,1940,approved,internal,internal
AI_-00075,INC-00075,ai_assisted,requires_review,TOP-00075,3125,1539,rejected,legacy,requires_review
AI_-00076,INC-00076,rejected,vendor,TOP-00076,3314,3340,approved,standard,legacy
AI_-00077,INC-00077,normal,high_risk,TOP-00077,3294,4383,internal,standard,degraded
AI_-00078,INC-00078,approved,ai_assisted,TOP-00078,2450,1955,manual,manual,legacy
AI_-00079,INC-00079,legacy,high_risk,TOP-00079,40,499,requires_review,not_enforced,ai_assisted
AI_-00080,INC-00080,degraded,degraded,TOP-00080,2739,2755,standard,approved,requires_review
AI_-00081,INC-00081,legacy,requires_review,TOP-00081,1054,4680,high_risk,approved,legacy
AI_-00082,INC-00082,standard,vendor,TOP-00082,4590,1227,requires_review,internal,vendor
AI_-00083,INC-00083,manual,internal,TOP-00083,1771,3173,vendor,requires_review,high_risk
AI_-00084,INC-00084,manual,approved,TOP-00084,2284,891,standard,manual,degraded
AI_-00085,INC-00085,internal,normal,TOP-00085,4474,3394,pending,ai_assisted,vendor
AI_-00086,INC-00086,high_risk,standard,TOP-00086,2868,642,not_enforced,manual,high_risk
AI_-00087,INC-00087,standard,vendor,TOP-00087,4136,1321,ai_assisted,legacy,ai_assisted
AI_-00088,INC-00088,rejected,requires_review,TOP-00088,3936,1309,rejected,high_risk,vendor
AI_-00089,INC-00089,ai_assisted,rejected,TOP-00089,2466,4508,requires_review,manual,manual
AI_-00090,INC-00090,requires_review,degraded,TOP-00090,2003,3933,requires_review,high_risk,approved
AI_-00091,INC-00091,vendor,normal,TOP-00091,1002,3960,internal,vendor,not_enforced
AI_-00092,INC-00092,high_risk,high_risk,TOP-00092,2014,327,degraded,vendor,pending
AI_-00093,INC-00093,high_risk,approved,TOP-00093,4052,1683,legacy,normal,standard
AI_-00094,INC-00094,approved,pending,TOP-00094,850,2673,approved,not_enforced,manual
AI_-00095,INC-00095,rejected,approved,TOP-00095,3079,2874,degraded,pending,internal
AI_-00096,INC-00096,approved,approved,TOP-00096,4045,2253,manual,legacy,rejected
AI_-00097,INC-00097,degraded,degraded,TOP-00097,753,4421,requires_review,not_enforced,vendor
AI_-00098,INC-00098,vendor,manual,TOP-00098,3464,2078,pending,legacy,legacy
AI_-00099,INC-00099,approved,degraded,TOP-00099,2783,2779,normal,ai_assisted,legacy
AI_-00100,INC-00100,ai_assisted,standard,TOP-00100,1435,3966,manual,approved,legacy
AI_-00101,INC-00101,high_risk,normal,TOP-00101,200,2102,legacy,internal,requires_review
AI_-00102,INC-00102,standard,pending,TOP-00102,928,2772,legacy,internal,pending
AI_-00103,INC-00103,manual,degraded,TOP-00103,1452,1417,vendor,high_risk,requires_review
AI_-00104,INC-00104,manual,vendor,TOP-00104,1385,603,normal,rejected,normal
AI_-00105,INC-00105,internal,not_enforced,TOP-00105,4606,3266,internal,pending,approved
AI_-00106,INC-00106,normal,legacy,TOP-00106,3020,4596,standard,high_risk,pending
AI_-00107,INC-00107,manual,rejected,TOP-00107,1533,610,requires_review,approved,standard
AI_-00108,INC-00108,ai_assisted,legacy,TOP-00108,1246,1070,high_risk,internal,requires_review
AI_-00109,INC-00109,degraded,manual,TOP-00109,2621,3837,requires_review,normal,requires_review
AI_-00110,INC-00110,standard,legacy,TOP-00110,3429,4088,requires_review,degraded,high_risk
AI_-00111,INC-00111,requires_review,standard,TOP-00111,2154,3006,pending,not_enforced,high_risk
AI_-00112,INC-00112,internal,ai_assisted,TOP-00112,2359,4539,manual,not_enforced,not_enforced
AI_-00113,INC-00113,internal,pending,TOP-00113,3446,1716,not_enforced,rejected,normal
AI_-00114,INC-00114,legacy,pending,TOP-00114,888,4434,pending,degraded,approved
AI_-00115,INC-00115,internal,rejected,TOP-00115,3099,33,approved,vendor,rejected
AI_-00116,INC-00116,standard,pending,TOP-00116,1168,4747,approved,manual,high_risk
AI_-00117,INC-00117,legacy,rejected,TOP-00117,2974,2741,legacy,pending,legacy
AI_-00118,INC-00118,ai_assisted,ai_assisted,TOP-00118,3115,2174,approved,high_risk,legacy
AI_-00119,INC-00119,vendor,standard,TOP-00119,4285,133,manual,ai_assisted,degraded
AI_-00120,INC-00120,approved,ai_assisted,TOP-00120,853,4654,legacy,degraded,standard
AI_-00121,INC-00121,degraded,internal,TOP-00121,4302,2294,pending,rejected,not_enforced
AI_-00122,INC-00122,legacy,standard,TOP-00122,3468,1152,vendor,vendor,normal
AI_-00123,INC-00123,ai_assisted,internal,TOP-00123,2442,4815,internal,manual,degraded
AI_-00124,INC-00124,manual,internal,TOP-00124,4136,683,normal,approved,internal
AI_-00125,INC-00125,legacy,manual,TOP-00125,2356,3360,approved,normal,high_risk
AI_-00126,INC-00126,normal,legacy,TOP-00126,712,2259,rejected,ai_assisted,manual
AI_-00127,INC-00127,standard,manual,TOP-00127,4904,3705,manual,rejected,degraded
AI_-00128,INC-00128,legacy,high_risk,TOP-00128,155,561,degraded,requires_review,approved
AI_-00129,INC-00129,requires_review,vendor,TOP-00129,1578,2108,internal,internal,ai_assisted
AI_-00130,INC-00130,vendor,ai_assisted,TOP-00130,2430,1254,pending,legacy,vendor
AI_-00131,INC-00131,standard,high_risk,TOP-00131,3074,4639,pending,ai_assisted,ai_assisted
AI_-00132,INC-00132,normal,legacy,TOP-00132,4064,2071,vendor,high_risk,legacy
AI_-00133,INC-00133,requires_review,standard,TOP-00133,955,3794,legacy,standard,normal
AI_-00134,INC-00134,ai_assisted,degraded,TOP-00134,1815,1730,normal,ai_assisted,degraded
AI_-00135,INC-00135,legacy,manual,TOP-00135,1815,2519,internal,approved,rejected
AI_-00136,INC-00136,degraded,pending,TOP-00136,4718,4132,legacy,legacy,standard
AI_-00137,INC-00137,pending,manual,TOP-00137,42,4111,degraded,requires_review,requires_review
AI_-00138,INC-00138,high_risk,high_risk,TOP-00138,1639,1322,not_enforced,internal,high_risk
AI_-00139,INC-00139,not_enforced,degraded,TOP-00139,2267,1939,approved,degraded,pending
AI_-00140,INC-00140,internal,high_risk,TOP-00140,3458,1418,vendor,standard,vendor
AI_-00141,INC-00141,vendor,approved,TOP-00141,4947,3866,high_risk,degraded,requires_review
AI_-00142,INC-00142,requires_review,not_enforced,TOP-00142,671,914,rejected,rejected,not_enforced
AI_-00143,INC-00143,requires_review,standard,TOP-00143,1497,3078,high_risk,rejected,requires_review
AI_-00144,INC-00144,high_risk,approved,TOP-00144,1633,705,rejected,approved,normal
AI_-00145,INC-00145,ai_assisted,not_enforced,TOP-00145,236,1322,degraded,requires_review,legacy
AI_-00146,INC-00146,degraded,rejected,TOP-00146,2247,1004,ai_assisted,ai_assisted,approved
AI_-00147,INC-00147,standard,degraded,TOP-00147,3777,4086,internal,high_risk,requires_review
AI_-00148,INC-00148,ai_assisted,legacy,TOP-00148,2134,102,ai_assisted,manual,high_risk
AI_-00149,INC-00149,high_risk,vendor,TOP-00149,4016,2392,ai_assisted,high_risk,requires_review
AI_-00150,INC-00150,approved,internal,TOP-00150,537,1568,degraded,normal,manual
AI_-00151,INC-00151,ai_assisted,approved,TOP-00151,1255,1345,rejected,pending,not_enforced
AI_-00152,INC-00152,high_risk,pending,TOP-00152,4149,4126,high_risk,high_risk,normal
AI_-00153,INC-00153,normal,vendor,TOP-00153,4815,4887,degraded,rejected,not_enforced
AI_-00154,INC-00154,ai_assisted,degraded,TOP-00154,4447,1060,rejected,high_risk,rejected
AI_-00155,INC-00155,not_enforced,manual,TOP-00155,992,3443,not_enforced,internal,approved
AI_-00156,INC-00156,requires_review,requires_review,TOP-00156,1803,4824,high_risk,normal,ai_assisted
AI_-00157,INC-00157,legacy,vendor,TOP-00157,4886,537,normal,internal,not_enforced
AI_-00158,INC-00158,not_enforced,standard,TOP-00158,1671,4105,internal,vendor,rejected
AI_-00159,INC-00159,approved,not_enforced,TOP-00159,4103,2291,pending,internal,ai_assisted
AI_-00160,INC-00160,requires_review,vendor,TOP-00160,1046,2085,requires_review,normal,degraded
AI_-00161,INC-00161,standard,standard,TOP-00161,2892,2574,pending,legacy,normal
AI_-00162,INC-00162,vendor,internal,TOP-00162,226,3463,manual,internal,high_risk
AI_-00163,INC-00163,requires_review,pending,TOP-00163,2677,3265,internal,standard,not_enforced
AI_-00164,INC-00164,ai_assisted,internal,TOP-00164,414,3532,internal,requires_review,rejected
AI_-00165,INC-00165,rejected,approved,TOP-00165,2020,2435,high_risk,ai_assisted,pending
AI_-00166,INC-00166,standard,manual,TOP-00166,4472,842,degraded,pending,requires_review
AI_-00167,INC-00167,manual,standard,TOP-00167,1089,4113,manual,degraded,manual
AI_-00168,INC-00168,rejected,normal,TOP-00168,1335,1414,rejected,manual,degraded
AI_-00169,INC-00169,legacy,internal,TOP-00169,1353,2530,requires_review,pending,not_enforced
AI_-00170,INC-00170,vendor,high_risk,TOP-00170,3264,68,degraded,standard,high_risk
AI_-00171,INC-00171,requires_review,pending,TOP-00171,382,3056,legacy,standard,normal
AI_-00172,INC-00172,standard,vendor,TOP-00172,1242,2367,not_enforced,ai_assisted,not_enforced
AI_-00173,INC-00173,pending,degraded,TOP-00173,3485,4757,legacy,ai_assisted,requires_review
AI_-00174,INC-00174,approved,pending,TOP-00174,3660,2854,not_enforced,internal,rejected
AI_-00175,INC-00175,rejected,requires_review,TOP-00175,1574,3803,approved,not_enforced,manual
AI_-00176,INC-00176,approved,legacy,TOP-00176,2750,192,legacy,legacy,normal
AI_-00177,INC-00177,requires_review,requires_review,TOP-00177,4355,309,manual,degraded,vendor
AI_-00178,INC-00178,standard,degraded,TOP-00178,3859,4176,pending,standard,degraded
AI_-00179,INC-00179,degraded,ai_assisted,TOP-00179,888,1014,rejected,internal,approved
AI_-00180,INC-00180,requires_review,standard,TOP-00180,4426,4927,degraded,high_risk,high_risk
AI_-00181,INC-00181,internal,rejected,TOP-00181,4596,282,requires_review,approved,degraded
AI_-00182,INC-00182,pending,vendor,TOP-00182,4623,174,internal,requires_review,pending
AI_-00183,INC-00183,high_risk,internal,TOP-00183,1280,4550,vendor,ai_assisted,vendor
AI_-00184,INC-00184,pending,approved,TOP-00184,562,866,rejected,pending,internal
AI_-00185,INC-00185,manual,legacy,TOP-00185,2942,4030,internal,approved,vendor
AI_-00186,INC-00186,approved,requires_review,TOP-00186,407,3186,not_enforced,rejected,standard
AI_-00187,INC-00187,internal,requires_review,TOP-00187,3959,4048,normal,ai_assisted,degraded
AI_-00188,INC-00188,rejected,standard,TOP-00188,2188,4434,legacy,internal,internal
AI_-00189,INC-00189,normal,manual,TOP-00189,1645,3468,internal,degraded,manual
AI_-00190,INC-00190,high_risk,requires_review,TOP-00190,4921,2712,high_risk,requires_review,high_risk
AI_-00191,INC-00191,normal,legacy,TOP-00191,2290,1613,degraded,rejected,manual
AI_-00192,INC-00192,vendor,standard,TOP-00192,1395,4380,requires_review,not_enforced,approved
AI_-00193,INC-00193,not_enforced,ai_assisted,TOP-00193,1315,2176,normal,rejected,requires_review
AI_-00194,INC-00194,vendor,vendor,TOP-00194,1049,2460,manual,ai_assisted,rejected
AI_-00195,INC-00195,internal,rejected,TOP-00195,1053,2742,requires_review,high_risk,ai_assisted
AI_-00196,INC-00196,legacy,pending,TOP-00196,2675,983,internal,standard,approved
AI_-00197,INC-00197,vendor,approved,TOP-00197,997,4572,ai_assisted,rejected,pending
AI_-00198,INC-00198,high_risk,legacy,TOP-00198,315,336,legacy,degraded,rejected
AI_-00199,INC-00199,approved,approved,TOP-00199,878,2928,ai_assisted,internal,pending
AI_-00200,INC-00200,pending,requires_review,TOP-00200,1590,2587,legacy,requires_review,requires_review
AI_-00201,INC-00201,manual,standard,TOP-00201,988,3930,manual,legacy,approved
AI_-00202,INC-00202,requires_review,approved,TOP-00202,845,3045,normal,pending,legacy
AI_-00203,INC-00203,pending,approved,TOP-00203,2370,2602,vendor,not_enforced,standard
AI_-00204,INC-00204,approved,standard,TOP-00204,877,3128,manual,legacy,not_enforced
AI_-00205,INC-00205,rejected,approved,TOP-00205,1725,3712,manual,vendor,degraded
AI_-00206,INC-00206,not_enforced,pending,TOP-00206,162,2627,internal,degraded,manual
AI_-00207,INC-00207,not_enforced,ai_assisted,TOP-00207,1702,501,high_risk,ai_assisted,internal
AI_-00208,INC-00208,not_enforced,legacy,TOP-00208,2063,3870,requires_review,not_enforced,legacy
AI_-00209,INC-00209,not_enforced,manual,TOP-00209,1515,4560,ai_assisted,not_enforced,vendor
AI_-00210,INC-00210,pending,standard,TOP-00210,4785,4011,high_risk,legacy,pending
AI_-00211,INC-00211,degraded,rejected,TOP-00211,1584,304,not_enforced,high_risk,legacy
AI_-00212,INC-00212,not_enforced,manual,TOP-00212,1733,3182,not_enforced,not_enforced,rejected
AI_-00213,INC-00213,legacy,not_enforced,TOP-00213,4203,1379,normal,internal,requires_review
AI_-00214,INC-00214,requires_review,high_risk,TOP-00214,163,1155,rejected,degraded,not_enforced
AI_-00215,INC-00215,high_risk,high_risk,TOP-00215,4692,2754,approved,vendor,requires_review
AI_-00216,INC-00216,normal,rejected,TOP-00216,2749,255,internal,standard,requires_review
AI_-00217,INC-00217,normal,manual,TOP-00217,1997,4339,vendor,high_risk,internal
AI_-00218,INC-00218,manual,legacy,TOP-00218,2653,1809,pending,vendor,pending
AI_-00219,INC-00219,internal,ai_assisted,TOP-00219,1709,331,pending,pending,pending
AI_-00220,INC-00220,not_enforced,standard,TOP-00220,854,1835,not_enforced,not_enforced,degraded
AI_-00221,INC-00221,standard,ai_assisted,TOP-00221,4258,3586,pending,legacy,internal
AI_-00222,INC-00222,vendor,approved,TOP-00222,1804,1854,requires_review,approved,manual
AI_-00223,INC-00223,approved,ai_assisted,TOP-00223,838,1139,not_enforced,ai_assisted,rejected
AI_-00224,INC-00224,high_risk,manual,TOP-00224,2490,1681,pending,manual,legacy
AI_-00225,INC-00225,degraded,legacy,TOP-00225,3874,186,internal,rejected,high_risk
AI_-00226,INC-00226,degraded,high_risk,TOP-00226,667,4231,rejected,high_risk,pending
AI_-00227,INC-00227,internal,legacy,TOP-00227,3101,2747,rejected,ai_assisted,degraded
AI_-00228,INC-00228,high_risk,requires_review,TOP-00228,753,4494,standard,normal,normal
AI_-00229,INC-00229,normal,ai_assisted,TOP-00229,1564,2440,ai_assisted,requires_review,vendor
AI_-00230,INC-00230,approved,high_risk,TOP-00230,4055,3664,degraded,standard,internal
AI_-00231,INC-00231,requires_review,vendor,TOP-00231,3781,3921,degraded,approved,degraded
AI_-00232,INC-00232,approved,degraded,TOP-00232,2729,2846,high_risk,not_enforced,standard
AI_-00233,INC-00233,ai_assisted,standard,TOP-00233,2682,1733,high_risk,legacy,legacy
AI_-00234,INC-00234,normal,requires_review,TOP-00234,578,130,pending,high_risk,ai_assisted
AI_-00235,INC-00235,vendor,pending,TOP-00235,167,4946,standard,manual,normal
AI_-00236,INC-00236,vendor,ai_assisted,TOP-00236,3223,1256,requires_review,legacy,degraded
AI_-00237,INC-00237,requires_review,approved,TOP-00237,1451,1137,standard,manual,internal
AI_-00238,INC-00238,pending,not_enforced,TOP-00238,4896,3211,normal,manual,internal
AI_-00239,INC-00239,legacy,rejected,TOP-00239,846,4800,pending,internal,legacy
AI_-00240,INC-00240,manual,requires_review,TOP-00240,3002,1189,pending,standard,internal
AI_-00241,INC-00241,rejected,requires_review,TOP-00241,2080,2410,manual,standard,standard
AI_-00242,INC-00242,internal,requires_review,TOP-00242,4738,2877,ai_assisted,approved,vendor
AI_-00243,INC-00243,rejected,rejected,TOP-00243,3503,813,internal,approved,not_enforced
AI_-00244,INC-00244,pending,degraded,TOP-00244,619,3873,normal,rejected,normal
AI_-00245,INC-00245,high_risk,normal,TOP-00245,1037,4876,rejected,rejected,high_risk
AI_-00246,INC-00246,legacy,approved,TOP-00246,618,1856,requires_review,ai_assisted,degraded
AI_-00247,INC-00247,legacy,requires_review,TOP-00247,473,1927,high_risk,vendor,not_enforced
AI_-00248,INC-00248,requires_review,requires_review,TOP-00248,2291,1191,approved,pending,normal
AI_-00249,INC-00249,high_risk,normal,TOP-00249,1129,1097,standard,not_enforced,degraded
AI_-00250,INC-00250,not_enforced,degraded,TOP-00250,395,994,pending,high_risk,internal
AI_-00251,INC-00251,ai_assisted,normal,TOP-00251,4855,606,requires_review,manual,standard
AI_-00252,INC-00252,ai_assisted,requires_review,TOP-00252,513,3392,vendor,normal,manual
AI_-00253,INC-00253,rejected,requires_review,TOP-00253,4872,2891,internal,standard,approved
AI_-00254,INC-00254,approved,approved,TOP-00254,2646,4431,high_risk,requires_review,manual
AI_-00255,INC-00255,standard,degraded,TOP-00255,430,1747,normal,normal,legacy
AI_-00256,INC-00256,legacy,ai_assisted,TOP-00256,2503,3583,not_enforced,internal,degraded
AI_-00257,INC-00257,internal,legacy,TOP-00257,67,1190,legacy,normal,standard
AI_-00258,INC-00258,legacy,approved,TOP-00258,681,1132,pending,vendor,not_enforced
AI_-00259,INC-00259,normal,pending,TOP-00259,1540,709,approved,not_enforced,legacy
AI_-00260,INC-00260,requires_review,pending,TOP-00260,3658,2114,manual,ai_assisted,pending
AI_-00261,INC-00261,not_enforced,approved,TOP-00261,526,2557,internal,vendor,ai_assisted
AI_-00262,INC-00262,internal,approved,TOP-00262,4098,4186,standard,high_risk,not_enforced
AI_-00263,INC-00263,vendor,manual,TOP-00263,3517,2336,standard,not_enforced,legacy
AI_-00264,INC-00264,not_enforced,pending,TOP-00264,4050,1377,not_enforced,normal,high_risk
AI_-00265,INC-00265,degraded,vendor,TOP-00265,4568,1294,degraded,ai_assisted,normal
AI_-00266,INC-00266,approved,normal,TOP-00266,1097,1484,rejected,manual,standard
AI_-00267,INC-00267,normal,standard,TOP-00267,252,48,pending,legacy,not_enforced
AI_-00268,INC-00268,normal,normal,TOP-00268,3454,4674,approved,internal,high_risk
AI_-00269,INC-00269,normal,legacy,TOP-00269,334,427,rejected,standard,manual
AI_-00270,INC-00270,standard,internal,TOP-00270,2754,2706,approved,vendor,legacy
AI_-00271,INC-00271,standard,standard,TOP-00271,3097,3421,not_enforced,vendor,degraded
AI_-00272,INC-00272,not_enforced,legacy,TOP-00272,2313,3793,ai_assisted,approved,internal
AI_-00273,INC-00273,internal,ai_assisted,TOP-00273,2962,4521,manual,not_enforced,manual
AI_-00274,INC-00274,rejected,vendor,TOP-00274,1144,1727,not_enforced,legacy,manual
AI_-00275,INC-00275,rejected,vendor,TOP-00275,3699,2360,manual,internal,legacy
AI_-00276,INC-00276,approved,not_enforced,TOP-00276,3709,3749,degraded,ai_assisted,requires_review
AI_-00277,INC-00277,high_risk,ai_assisted,TOP-00277,2216,2602,not_enforced,standard,manual
AI_-00278,INC-00278,vendor,vendor,TOP-00278,634,1219,manual,not_enforced,standard
AI_-00279,INC-00279,vendor,vendor,TOP-00279,409,3233,ai_assisted,not_enforced,not_enforced
AI_-00280,INC-00280,internal,not_enforced,TOP-00280,4071,4235,ai_assisted,internal,manual
AI_-00281,INC-00281,pending,high_risk,TOP-00281,3431,4279,legacy,requires_review,normal
AI_-00282,INC-00282,internal,standard,TOP-00282,688,4214,legacy,vendor,legacy
AI_-00283,INC-00283,normal,internal,TOP-00283,2045,2283,requires_review,pending,pending
AI_-00284,INC-00284,standard,normal,TOP-00284,797,740,requires_review,approved,ai_assisted
AI_-00285,INC-00285,ai_assisted,legacy,TOP-00285,3535,4919,requires_review,high_risk,vendor
AI_-00286,INC-00286,ai_assisted,ai_assisted,TOP-00286,2244,322,vendor,manual,legacy
AI_-00287,INC-00287,pending,vendor,TOP-00287,1471,2277,high_risk,rejected,approved
AI_-00288,INC-00288,manual,not_enforced,TOP-00288,4111,23,legacy,vendor,high_risk
AI_-00289,INC-00289,degraded,legacy,TOP-00289,4635,805,requires_review,standard,standard
AI_-00290,INC-00290,internal,normal,TOP-00290,4841,1887,standard,manual,normal
AI_-00291,INC-00291,high_risk,not_enforced,TOP-00291,1614,227,normal,standard,standard
AI_-00292,INC-00292,normal,normal,TOP-00292,2875,4765,not_enforced,legacy,degraded
AI_-00293,INC-00293,standard,ai_assisted,TOP-00293,2770,4517,manual,legacy,not_enforced
AI_-00294,INC-00294,vendor,high_risk,TOP-00294,351,773,rejected,vendor,normal
AI_-00295,INC-00295,degraded,internal,TOP-00295,61,2289,legacy,rejected,internal
AI_-00296,INC-00296,pending,vendor,TOP-00296,2544,3414,internal,pending,degraded
AI_-00297,INC-00297,requires_review,internal,TOP-00297,1828,4894,approved,vendor,rejected
AI_-00298,INC-00298,legacy,not_enforced,TOP-00298,3777,4084,internal,legacy,degraded
AI_-00299,INC-00299,internal,approved,TOP-00299,1110,1296,requires_review,manual,manual
AI_-00300,INC-00300,standard,approved,TOP-00300,2171,1139,rejected,approved,pending
AI_-00301,INC-00301,rejected,normal,TOP-00301,635,1458,legacy,standard,requires_review
AI_-00302,INC-00302,standard,approved,TOP-00302,3885,117,legacy,legacy,high_risk
AI_-00303,INC-00303,normal,rejected,TOP-00303,575,284,standard,not_enforced,standard
AI_-00304,INC-00304,manual,standard,TOP-00304,4937,2668,internal,legacy,requires_review
AI_-00305,INC-00305,not_enforced,not_enforced,TOP-00305,1805,3348,ai_assisted,manual,rejected
AI_-00306,INC-00306,approved,pending,TOP-00306,4535,3206,ai_assisted,ai_assisted,pending
AI_-00307,INC-00307,requires_review,approved,TOP-00307,3494,274,degraded,approved,normal
AI_-00308,INC-00308,ai_assisted,high_risk,TOP-00308,4239,1186,normal,not_enforced,high_risk
AI_-00309,INC-00309,internal,standard,TOP-00309,4252,1817,rejected,internal,degraded
AI_-00310,INC-00310,standard,high_risk,TOP-00310,4980,4323,rejected,degraded,rejected
AI_-00311,INC-00311,pending,ai_assisted,TOP-00311,706,1405,requires_review,approved,legacy
AI_-00312,INC-00312,approved,vendor,TOP-00312,3110,871,approved,rejected,normal
AI_-00313,INC-00313,normal,rejected,TOP-00313,688,2240,approved,not_enforced,manual
AI_-00314,INC-00314,rejected,legacy,TOP-00314,1603,541,manual,pending,not_enforced
AI_-00315,INC-00315,internal,internal,TOP-00315,3270,2489,manual,high_risk,vendor
AI_-00316,INC-00316,requires_review,rejected,TOP-00316,2051,225,ai_assisted,manual,pending
AI_-00317,INC-00317,manual,high_risk,TOP-00317,4094,1976,normal,internal,ai_assisted
AI_-00318,INC-00318,standard,vendor,TOP-00318,3114,2876,standard,degraded,requires_review
AI_-00319,INC-00319,manual,standard,TOP-00319,3807,3540,high_risk,high_risk,pending
AI_-00320,INC-00320,legacy,rejected,TOP-00320,1591,1928,approved,manual,ai_assisted
AI_-00321,INC-00321,ai_assisted,vendor,TOP-00321,2688,3534,legacy,requires_review,high_risk
AI_-00322,INC-00322,approved,ai_assisted,TOP-00322,3849,1959,standard,ai_assisted,not_enforced
AI_-00323,INC-00323,rejected,pending,TOP-00323,4490,758,internal,ai_assisted,manual
AI_-00324,INC-00324,degraded,degraded,TOP-00324,3600,4482,approved,requires_review,not_enforced
AI_-00325,INC-00325,not_enforced,rejected,TOP-00325,1096,628,pending,not_enforced,legacy
AI_-00326,INC-00326,ai_assisted,not_enforced,TOP-00326,2745,1191,manual,requires_review,standard
AI_-00327,INC-00327,requires_review,manual,TOP-00327,4203,407,internal,legacy,internal
AI_-00328,INC-00328,legacy,pending,TOP-00328,2614,3616,manual,normal,vendor
AI_-00329,INC-00329,not_enforced,requires_review,TOP-00329,1443,2987,standard,standard,standard
AI_-00330,INC-00330,internal,not_enforced,TOP-00330,1453,2069,internal,normal,approved
AI_-00331,INC-00331,legacy,approved,TOP-00331,1637,2521,ai_assisted,rejected,legacy
AI_-00332,INC-00332,ai_assisted,internal,TOP-00332,801,950,not_enforced,pending,internal
AI_-00333,INC-00333,high_risk,high_risk,TOP-00333,4007,1371,not_enforced,legacy,manual
AI_-00334,INC-00334,high_risk,vendor,TOP-00334,3278,4758,internal,approved,ai_assisted
AI_-00335,INC-00335,not_enforced,vendor,TOP-00335,926,2605,degraded,not_enforced,legacy
AI_-00336,INC-00336,internal,approved,TOP-00336,4810,943,high_risk,manual,ai_assisted
AI_-00337,INC-00337,pending,approved,TOP-00337,432,956,ai_assisted,ai_assisted,internal
AI_-00338,INC-00338,ai_assisted,rejected,TOP-00338,1385,717,degraded,pending,degraded
AI_-00339,INC-00339,high_risk,vendor,TOP-00339,1974,4428,standard,approved,approved
AI_-00340,INC-00340,vendor,degraded,TOP-00340,761,442,ai_assisted,degraded,standard
AI_-00341,INC-00341,requires_review,not_enforced,TOP-00341,523,2306,rejected,ai_assisted,degraded
AI_-00342,INC-00342,degraded,degraded,TOP-00342,3475,343,internal,standard,high_risk
AI_-00343,INC-00343,vendor,requires_review,TOP-00343,4145,3912,standard,legacy,vendor
AI_-00344,INC-00344,ai_assisted,degraded,TOP-00344,3717,4709,manual,ai_assisted,rejected
AI_-00345,INC-00345,requires_review,requires_review,TOP-00345,3646,4222,normal,rejected,approved
AI_-00346,INC-00346,approved,requires_review,TOP-00346,3645,4239,rejected,manual,internal
AI_-00347,INC-00347,degraded,standard,TOP-00347,3919,2480,internal,high_risk,high_risk
AI_-00348,INC-00348,normal,pending,TOP-00348,4510,2254,degraded,rejected,standard
AI_-00349,INC-00349,high_risk,internal,TOP-00349,19,892,standard,normal,degraded
AI_-00350,INC-00350,internal,normal,TOP-00350,1358,4296,degraded,requires_review,internal
AI_-00004,INC-00005,ai_assisted,not_enforced,TOP-00005,3400,2964,normal,normal,high_risk
AI_-BAD1,,,,,,,,,
AI_-00013,INC-00013,rejected,requires_review,TOP-00013,958,4102,ai_assisted,rejected,rejected
AI_-00019,INC-00019,approved,degraded,TOP-00019,3306,54,1.42,manual,requires_review
