alarm_id,device_id,interface,severity,alarm_type,first_seen_at,last_seen_at,dedupe_key,maintenance_window,storm_batch_id
REC-0001,DEV-00001,manual,medium,vendor,2026-01-03T16:34:00,2026-01-15T15:39:00,DED-00001,degraded,STO-00001
ALA-00002,DEV-00002,degraded,low,normal,2026-07-31T23:45:00,2026-02-23T09:35:00,DED-00002,ai_assisted,STO-00002
ALA-00003,DEV-00003,standard,high,standard,2026-08-02T04:20:00,2026-01-07T12:50:00,DED-00003,degraded,STO-00003
ALA-00004,DEV-00004,ai_assisted,low,ai_assisted,2026-04-02T11:12:00,2026-09-03T19:44:00,DED-00004,approved,STO-00004
ALA-00005,DEV-00005,manual,silver,approved,2026-03-24T23:08:00,2026-08-31T06:29:00,DED-00005,legacy,STO-00005
ALA-00006,DEV-00006,normal,gold,normal,2026-03-19T02:13:00,2026-06-21T20:36:00,DED-00006,normal,STO-00006
ALA-00007,DEV-00007,internal,medium,legacy,2026-01-30T15:13:00,2026-02-12T16:25:00,DED-00007,legacy,STO-00007
ALA-00008,DEV-00008,legacy,medium,high_risk,2026-09-14T20:13:00,2026-04-24T02:51:00,DED-00008,approved,STO-00008
ALA-00009,DEV-00009,rejected,silver,high_risk,2026-02-10T16:45:00,2026-04-08T06:41:00,DED-00009,standard,STO-00009
ALA-00010,DEV-00010,internal,high,requires_review,2026-04-18T14:17:00,2026-06-29T13:46:00,DED-00010,manual,STO-00010
ALA-00011,DEV-00011,approved,critical,internal,2026-06-19T14:24:00,2026-01-15T18:20:00,DED-00011,manual,STO-00011
ALA-00012,DEV-00012,not_enforced,critical,internal,2026-06-06T21:45:00,2026-03-01T17:45:00,DED-00012,not_enforced,STO-00012
ALA-00013,DEV-00013,internal,high,legacy,2026-04-06T16:47:00,2026-06-03T15:37:00,DED-00013,degraded,STO-00013
ALA-00014,DEV-00014,ai_assisted,silver,not_enforced,2026-01-24T01:17:00,2026-08-20T03:08:00,DED-00014,vendor,STO-00014
ALA-00015,DEV-00015,legacy,medium,rejected,2026-03-05T20:53:00,2026-08-15T21:56:00,DED-00015,ai_assisted,STO-00015
ALA-00016,DEV-00016,vendor,gold,internal,2026-09-03T06:29:00,2026-08-23T22:07:00,DED-00016,degraded,STO-00016
ALA-00017,DEV-00017,rejected,high,approved,2026-05-19T04:13:00,2026-03-12T10:14:00,DED-00017,internal,STO-00017
ALA-00018,DEV-00018,pending,silver,degraded,2026-01-22T23:41:00,2026-06-12T13:00:00,DED-00018,normal,STO-00018
ALA-00019,DEV-00019,standard,low,manual,2026-04-08T21:35:00,2026-01-02T18:57:00,DED-00019,ai_assisted,STO-00019
ALA-00020,DEV-00020,standard,silver,rejected,2026-06-03T05:55:00,2026-06-24T15:24:00,DED-00020,manual,STO-00020
ALA-00021,DEV-00021,rejected,silver,not_enforced,2026-07-31T05:08:00,2026-04-13T01:24:00,DED-00021,standard,STO-00021
ALA-00022,DEV-00022,manual,high,vendor,2026-09-19T01:54:00,2026-03-22T23:05:00,DED-00022,standard,STO-00022
ALA-00023,DEV-00023,vendor,critical,pending,2026-07-28T07:25:00,2026-04-12T19:25:00,DED-00023,requires_review,STO-00023
ALA-00024,DEV-00024,requires_review,gold,not_enforced,2026-02-03T04:29:00,2026-09-02T23:14:00,DED-00024,legacy,STO-00024
ALA-00025,DEV-00025,standard,medium,degraded,2026-01-07T10:47:00,2026-02-26T09:40:00,DED-00025,not_enforced,STO-00025
ALA-00026,DEV-00026,manual,critical,standard,2026-08-04T22:39:00,2026-02-09T04:30:00,DED-00026,requires_review,STO-00026
ALA-00027,DEV-00027,degraded,high,standard,2026-07-14T15:20:00,2026-04-06T18:26:00,DED-00027,manual,STO-00027
ALA-00028,DEV-00028,standard,gold,approved,2026-08-25T21:06:00,2026-08-14T22:34:00,DED-00028,pending,STO-00028
ALA-00029,DEV-00029,high_risk,low,approved,2026-05-20T19:22:00,2026-07-24T17:51:00,DED-00029,normal,STO-00029
ALA-00030,DEV-00030,approved,bronze,manual,2026-08-24T12:09:00,2026-04-17T06:52:00,DED-00030,pending,STO-00030
ALA-00031,DEV-00031,legacy,silver,requires_review,2026-06-20T23:36:00,2026-09-12T02:01:00,DED-00031,standard,STO-00031
ALA-00032,DEV-00032,standard,silver,ai_assisted,2026-05-16T09:49:00,2026-02-12T07:32:00,DED-00032,high_risk,STO-00032
ALA-00033,DEV-00033,not_enforced,critical,high_risk,2026-02-13T19:22:00,2026-07-03T02:57:00,DED-00033,degraded,STO-00033
ALA-00034,DEV-00034,degraded,bronze,vendor,2026-06-04T13:49:00,2026-02-09T13:49:00,DED-00034,approved,STO-00034
ALA-00035,DEV-00035,not_enforced,medium,internal,2026-08-01T04:17:00,2026-05-03T21:23:00,DED-00035,vendor,STO-00035
ALA-00036,DEV-00036,not_enforced,medium,ai_assisted,2026-07-15T07:44:00,2026-01-08T18:00:00,DED-00036,rejected,STO-00036
ALA-00037,DEV-00037,legacy,low,pending,2026-03-30T06:21:00,2026-03-24T05:50:00,DED-00037,vendor,STO-00037
ALA-00038,DEV-00038,degraded,low,degraded,2026-01-17T13:32:00,2026-02-05T00:11:00,DED-00038,pending,STO-00038
ALA-00039,DEV-00039,degraded,low,normal,2026-05-30T14:59:00,2026-08-14T00:57:00,DED-00039,ai_assisted,STO-00039
ALA-00040,DEV-00040,standard,gold,internal,2026-08-18T05:31:00,2026-06-30T16:35:00,DED-00040,approved,STO-00040
ALA-00041,DEV-00041,vendor,critical,not_enforced,2026-09-01T05:26:00,2026-09-14T19:15:00,DED-00041,internal,STO-00041
ALA-00042,DEV-00042,requires_review,low,high_risk,2026-05-20T20:52:00,2026-07-03T13:07:00,DED-00042,vendor,STO-00042
ALA-00043,DEV-00043,rejected,medium,high_risk,2026-08-11T06:49:00,2026-05-14T04:12:00,DED-00043,approved,STO-00043
ALA-00044,DEV-00044,not_enforced,medium,legacy,2026-03-08T19:53:00,2026-06-18T22:40:00,DED-00044,vendor,STO-00044
ALA-00045,DEV-00045,rejected,medium,not_enforced,2026-01-23T17:38:00,2026-06-22T06:45:00,DED-00045,pending,STO-00045
ALA-00046,DEV-00046,vendor,critical,ai_assisted,2026-07-30T21:52:00,2026-02-21T20:51:00,DED-00046,standard,STO-00046
ALA-00047,DEV-00047,vendor,high,legacy,2026-07-01T02:17:00,2026-02-03T06:12:00,DED-00047,high_risk,STO-00047
ALA-00048,DEV-00048,not_enforced,silver,pending,2026-09-08T17:34:00,2026-04-25T13:05:00,DED-00048,approved,STO-00048
ALA-00049,DEV-00049,pending,silver,rejected,2026-03-31T02:28:00,2026-01-18T23:37:00,DED-00049,rejected,STO-00049
ALA-00050,DEV-00050,standard,medium,pending,2026-09-19T05:57:00,2026-04-14T21:39:00,DED-00050,internal,STO-00050
ALA-00051,DEV-00051,requires_review,silver,ai_assisted,2026-02-16T07:49:00,2026-08-10T04:19:00,DED-00051,internal,STO-00051
ALA-00052,DEV-00052,normal,medium,standard,2026-05-27T07:54:00,2026-04-28T21:45:00,DED-00052,rejected,STO-00052
ALA-00053,DEV-00053,degraded,gold,rejected,2026-01-25T11:02:00,2026-04-25T09:10:00,DED-00053,pending,STO-00053
ALA-00054,DEV-00054,requires_review,silver,internal,2026-02-09T03:59:00,2026-01-11T21:09:00,DED-00054,rejected,STO-00054
ALA-00055,DEV-00055,degraded,bronze,rejected,2026-03-06T16:55:00,2026-01-03T10:32:00,DED-00055,normal,STO-00055
ALA-00056,DEV-00056,degraded,silver,pending,2026-05-30T20:45:00,2026-09-19T16:58:00,DED-00056,degraded,STO-00056
ALA-00057,DEV-00057,internal,bronze,requires_review,2026-05-26T06:53:00,2026-08-15T01:10:00,DED-00057,ai_assisted,STO-00057
ALA-00058,DEV-00058,internal,silver,pending,2026-03-14T07:21:00,2026-04-16T09:59:00,DED-00058,degraded,STO-00058
ALA-00059,DEV-00059,vendor,high,high_risk,2026-05-07T16:55:00,2026-05-08T00:41:00,DED-00059,legacy,STO-00059
ALA-00060,DEV-00060,pending,gold,ai_assisted,2026-08-28T02:38:00,2026-05-21T08:57:00,DED-00060,degraded,STO-00060
ALA-00061,DEV-00061,pending,critical,standard,2026-08-03T12:31:00,2026-08-28T23:05:00,DED-00061,requires_review,STO-00061
ALA-00062,DEV-00062,vendor,gold,approved,2026-01-23T15:57:00,2026-04-08T16:35:00,DED-00062,degraded,STO-00062
ALA-00063,DEV-00063,vendor,silver,manual,2026-08-29T20:51:00,2026-02-15T16:15:00,DED-00063,not_enforced,STO-00063
ALA-00064,DEV-00064,normal,high,internal,2026-05-02T21:32:00,2026-03-26T06:04:00,DED-00064,internal,STO-00064
ALA-00065,DEV-00065,pending,bronze,legacy,2026-05-18T15:23:00,2026-01-11T05:56:00,DED-00065,rejected,STO-00065
ALA-00066,DEV-00066,legacy,critical,high_risk,2026-04-03T02:27:00,2026-03-29T08:34:00,DED-00066,legacy,STO-00066
ALA-00067,DEV-00067,standard,bronze,pending,2026-07-18T02:55:00,2026-04-14T03:50:00,DED-00067,manual,STO-00067
ALA-00068,DEV-00068,rejected,medium,internal,2026-02-21T09:49:00,2026-03-27T03:52:00,DED-00068,degraded,STO-00068
ALA-00069,DEV-00069,requires_review,critical,internal,2026-01-03T19:04:00,2026-06-23T03:10:00,DED-00069,approved,STO-00069
ALA-00070,DEV-00070,rejected,medium,not_enforced,2026-02-08T19:19:00,2026-07-27T01:29:00,DED-00070,vendor,STO-00070
ALA-00071,DEV-00071,ai_assisted,gold,degraded,2026-05-24T18:27:00,2026-08-15T00:51:00,DED-00071,vendor,STO-00071
ALA-00072,DEV-00072,normal,high,not_enforced,2026-01-23T13:38:00,2026-02-22T12:44:00,DED-00072,approved,STO-00072
ALA-00073,DEV-00073,pending,high,degraded,2026-02-24T07:17:00,2026-06-08T17:30:00,DED-00073,degraded,STO-00073
ALA-00074,DEV-00074,pending,gold,vendor,2026-04-10T20:30:00,2026-04-01T17:49:00,DED-00074,requires_review,STO-00074
ALA-00075,DEV-00075,manual,low,ai_assisted,2026-06-10T08:02:00,2026-09-13T18:22:00,DED-00075,normal,STO-00075
ALA-00076,DEV-00076,manual,gold,pending,2026-01-07T17:56:00,2026-01-11T21:59:00,DED-00076,not_enforced,STO-00076
ALA-00077,DEV-00077,standard,critical,normal,2026-03-12T14:50:00,2026-08-21T21:39:00,DED-00077,high_risk,STO-00077
ALA-00078,DEV-00078,rejected,low,requires_review,2026-07-18T07:39:00,2026-03-06T16:34:00,DED-00078,pending,STO-00078
ALA-00079,DEV-00079,normal,bronze,normal,2026-04-24T02:58:00,2026-06-08T11:36:00,DED-00079,legacy,STO-00079
ALA-00080,DEV-00080,pending,high,rejected,2026-04-05T21:30:00,2026-06-05T13:31:00,DED-00080,internal,STO-00080
ALA-00081,DEV-00081,ai_assisted,bronze,high_risk,2026-02-01T09:38:00,2026-09-13T13:03:00,DED-00081,approved,STO-00081
ALA-00082,DEV-00082,rejected,gold,internal,2026-07-24T14:35:00,2026-01-15T20:30:00,DED-00082,requires_review,STO-00082
ALA-00083,DEV-00083,internal,critical,high_risk,2026-05-12T12:49:00,2026-04-23T12:39:00,DED-00083,not_enforced,STO-00083
ALA-00084,DEV-00084,normal,high,rejected,2026-07-24T06:41:00,2026-04-12T22:55:00,DED-00084,not_enforced,STO-00084
ALA-00085,DEV-00085,vendor,critical,rejected,2026-02-04T01:27:00,2026-03-15T10:05:00,DED-00085,normal,STO-00085
ALA-00086,DEV-00086,internal,high,manual,2026-01-07T07:38:00,2026-02-04T17:22:00,DED-00086,requires_review,STO-00086
ALA-00087,DEV-00087,not_enforced,gold,not_enforced,2026-04-25T19:32:00,2026-06-05T21:43:00,DED-00087,not_enforced,STO-00087
ALA-00088,DEV-00088,ai_assisted,gold,not_enforced,2026-01-06T16:14:00,2026-09-09T01:02:00,DED-00088,approved,STO-00088
ALA-00089,DEV-00089,high_risk,critical,high_risk,2026-04-11T18:48:00,2026-09-18T06:51:00,DED-00089,approved,STO-00089
ALA-00090,DEV-00090,pending,low,degraded,2026-06-03T14:45:00,2026-03-13T19:20:00,DED-00090,requires_review,STO-00090
ALA-00091,DEV-00091,approved,high,standard,2026-01-02T11:30:00,2026-08-24T21:11:00,DED-00091,degraded,STO-00091
ALA-00092,DEV-00092,standard,silver,high_risk,2026-04-17T05:23:00,2026-01-10T19:16:00,DED-00092,pending,STO-00092
ALA-00093,DEV-00093,requires_review,low,standard,2026-04-19T15:14:00,2026-04-17T20:57:00,DED-00093,normal,STO-00093
ALA-00094,DEV-00094,not_enforced,silver,degraded,2026-04-21T10:58:00,2026-07-29T18:40:00,DED-00094,high_risk,STO-00094
ALA-00095,DEV-00095,standard,medium,legacy,2026-03-23T22:53:00,2026-04-26T02:33:00,DED-00095,normal,STO-00095
ALA-00096,DEV-00096,legacy,medium,legacy,2026-05-07T15:03:00,2026-09-01T21:54:00,DED-00096,ai_assisted,STO-00096
ALA-00097,DEV-00097,requires_review,bronze,legacy,2026-05-15T18:13:00,2026-01-30T14:22:00,DED-00097,requires_review,STO-00097
ALA-00098,DEV-00098,manual,gold,legacy,2026-08-20T10:58:00,2026-06-07T18:05:00,DED-00098,ai_assisted,STO-00098
ALA-00099,DEV-00099,high_risk,low,legacy,2026-02-02T21:56:00,2026-07-19T02:13:00,DED-00099,ai_assisted,STO-00099
ALA-00100,DEV-00100,approved,medium,internal,2026-06-16T13:50:00,2026-04-05T11:59:00,DED-00100,manual,STO-00100
ALA-00101,DEV-00101,legacy,gold,ai_assisted,2026-07-03T12:26:00,2026-01-21T14:38:00,DED-00101,ai_assisted,STO-00101
ALA-00102,DEV-00102,high_risk,bronze,manual,2026-02-11T23:11:00,2026-05-05T17:14:00,DED-00102,not_enforced,STO-00102
ALA-00103,DEV-00103,standard,silver,manual,2026-01-10T07:02:00,2026-04-24T04:10:00,DED-00103,requires_review,STO-00103
ALA-00104,DEV-00104,manual,low,requires_review,2026-05-10T02:59:00,2026-06-04T07:15:00,DED-00104,ai_assisted,STO-00104
ALA-00105,DEV-00105,degraded,silver,ai_assisted,2026-09-14T10:29:00,2026-03-28T00:44:00,DED-00105,manual,STO-00105
ALA-00106,DEV-00106,legacy,gold,high_risk,2026-08-18T14:55:00,2026-01-03T11:08:00,DED-00106,high_risk,STO-00106
ALA-00107,DEV-00107,ai_assisted,low,approved,2026-05-04T20:44:00,2026-01-17T15:35:00,DED-00107,normal,STO-00107
ALA-00108,DEV-00108,pending,silver,requires_review,2026-01-31T08:38:00,2026-09-11T07:51:00,DED-00108,manual,STO-00108
ALA-00109,DEV-00109,degraded,gold,not_enforced,2026-04-01T13:26:00,2026-08-18T17:00:00,DED-00109,legacy,STO-00109
ALA-00110,DEV-00110,high_risk,critical,standard,2026-01-16T23:10:00,2026-03-29T06:16:00,DED-00110,rejected,STO-00110
ALA-00111,DEV-00111,rejected,critical,standard,2026-01-17T02:16:00,2026-03-29T20:27:00,DED-00111,ai_assisted,STO-00111
ALA-00112,DEV-00112,manual,high,legacy,2026-02-23T15:21:00,2026-05-08T21:07:00,DED-00112,degraded,STO-00112
ALA-00113,DEV-00113,requires_review,gold,vendor,2026-01-20T21:30:00,2026-09-20T09:03:00,DED-00113,not_enforced,STO-00113
ALA-00114,DEV-00114,high_risk,low,approved,2026-01-03T22:21:00,2026-05-30T16:54:00,DED-00114,legacy,STO-00114
ALA-00115,DEV-00115,ai_assisted,low,vendor,2026-08-20T08:25:00,2026-04-24T18:53:00,DED-00115,high_risk,STO-00115
ALA-00116,DEV-00116,degraded,silver,pending,2026-01-07T14:17:00,2026-01-05T11:11:00,DED-00116,high_risk,STO-00116
ALA-00117,DEV-00117,internal,critical,internal,2026-03-18T20:43:00,2026-01-09T20:09:00,DED-00117,ai_assisted,STO-00117
ALA-00118,DEV-00118,pending,bronze,normal,2026-02-19T02:41:00,2026-08-24T14:10:00,DED-00118,ai_assisted,STO-00118
ALA-00119,DEV-00119,approved,medium,vendor,2026-01-22T12:24:00,2026-06-16T19:12:00,DED-00119,standard,STO-00119
ALA-00120,DEV-00120,manual,medium,normal,2026-04-22T16:05:00,2026-01-06T09:15:00,DED-00120,high_risk,STO-00120
ALA-00121,DEV-00121,requires_review,low,not_enforced,2026-03-30T14:40:00,2026-07-20T08:58:00,DED-00121,manual,STO-00121
ALA-00122,DEV-00122,standard,medium,requires_review,2026-03-11T03:16:00,2026-04-09T05:41:00,DED-00122,pending,STO-00122
ALA-00123,DEV-00123,degraded,medium,pending,2026-06-23T06:02:00,2026-03-11T16:07:00,DED-00123,normal,STO-00123
ALA-00124,DEV-00124,requires_review,medium,vendor,2026-01-20T11:23:00,2026-05-31T01:17:00,DED-00124,manual,STO-00124
ALA-00125,DEV-00125,high_risk,bronze,standard,2026-02-14T20:16:00,2026-04-20T10:41:00,DED-00125,manual,STO-00125
ALA-00126,DEV-00126,vendor,silver,legacy,2026-08-24T16:55:00,2026-09-02T15:14:00,DED-00126,pending,STO-00126
ALA-00127,DEV-00127,normal,high,high_risk,2026-05-13T23:53:00,2026-06-17T16:10:00,DED-00127,not_enforced,STO-00127
ALA-00128,DEV-00128,normal,low,rejected,2026-06-07T17:57:00,2026-07-14T04:47:00,DED-00128,internal,STO-00128
ALA-00129,DEV-00129,normal,critical,standard,2026-03-21T12:11:00,2026-05-31T22:15:00,DED-00129,legacy,STO-00129
ALA-00130,DEV-00130,manual,low,ai_assisted,2026-09-16T15:03:00,2026-02-21T01:03:00,DED-00130,high_risk,STO-00130
ALA-00131,DEV-00131,requires_review,high,standard,2026-04-17T22:23:00,2026-02-02T03:55:00,DED-00131,degraded,STO-00131
ALA-00132,DEV-00132,requires_review,gold,requires_review,2026-07-14T15:48:00,2026-01-05T21:58:00,DED-00132,legacy,STO-00132
ALA-00133,DEV-00133,rejected,bronze,pending,2026-01-20T23:48:00,2026-01-12T15:23:00,DED-00133,high_risk,STO-00133
ALA-00134,DEV-00134,degraded,medium,standard,2026-05-18T00:15:00,2026-06-26T23:23:00,DED-00134,ai_assisted,STO-00134
ALA-00135,DEV-00135,standard,gold,manual,2026-07-14T12:42:00,2026-04-06T03:22:00,DED-00135,internal,STO-00135
ALA-00136,DEV-00136,not_enforced,silver,ai_assisted,2026-08-11T02:50:00,2026-02-27T16:11:00,DED-00136,requires_review,STO-00136
ALA-00137,DEV-00137,normal,medium,pending,2026-04-13T11:32:00,2026-09-21T08:11:00,DED-00137,not_enforced,STO-00137
ALA-00138,DEV-00138,manual,medium,standard,2026-03-25T07:08:00,2026-03-12T07:22:00,DED-00138,internal,STO-00138
ALA-00139,DEV-00139,approved,critical,high_risk,2026-06-02T18:54:00,2026-04-04T04:17:00,DED-00139,standard,STO-00139
ALA-00140,DEV-00140,manual,bronze,high_risk,2026-05-31T17:55:00,2026-02-17T17:22:00,DED-00140,degraded,STO-00140
ALA-00141,DEV-00141,legacy,gold,internal,2026-06-06T13:21:00,2026-07-22T03:54:00,DED-00141,rejected,STO-00141
ALA-00142,DEV-00142,approved,high,manual,2026-07-15T21:59:00,2026-08-30T12:11:00,DED-00142,legacy,STO-00142
ALA-00143,DEV-00143,legacy,critical,ai_assisted,2026-05-07T09:12:00,2026-08-01T20:46:00,DED-00143,internal,STO-00143
ALA-00144,DEV-00144,standard,medium,pending,2026-06-19T20:39:00,2026-02-20T06:20:00,DED-00144,internal,STO-00144
ALA-00145,DEV-00145,not_enforced,high,normal,2026-04-05T15:14:00,2026-09-01T17:19:00,DED-00145,standard,STO-00145
ALA-00146,DEV-00146,approved,silver,approved,2026-08-29T06:19:00,2026-01-15T07:46:00,DED-00146,pending,STO-00146
ALA-00147,DEV-00147,vendor,bronze,approved,2026-03-14T17:02:00,2026-05-07T17:53:00,DED-00147,requires_review,STO-00147
ALA-00148,DEV-00148,internal,gold,internal,2026-05-08T03:08:00,2026-07-10T19:20:00,DED-00148,pending,STO-00148
ALA-00149,DEV-00149,ai_assisted,gold,ai_assisted,2026-09-17T17:31:00,2026-01-04T04:48:00,DED-00149,vendor,STO-00149
ALA-00150,DEV-00150,high_risk,silver,standard,2026-07-07T07:29:00,2026-02-13T13:51:00,DED-00150,legacy,STO-00150
ALA-00151,DEV-00151,legacy,gold,approved,2026-01-09T12:20:00,2026-02-25T04:03:00,DED-00151,legacy,STO-00151
ALA-00152,DEV-00152,pending,high,rejected,2026-02-07T19:33:00,2026-03-07T08:27:00,DED-00152,vendor,STO-00152
ALA-00153,DEV-00153,legacy,bronze,rejected,2026-06-07T19:00:00,2026-01-23T01:26:00,DED-00153,ai_assisted,STO-00153
ALA-00154,DEV-00154,high_risk,medium,vendor,2026-07-30T12:37:00,2026-07-16T19:58:00,DED-00154,requires_review,STO-00154
ALA-00155,DEV-00155,requires_review,silver,legacy,2026-08-18T03:38:00,2026-06-25T14:29:00,DED-00155,vendor,STO-00155
ALA-00156,DEV-00156,high_risk,bronze,rejected,2026-01-18T06:25:00,2026-05-08T22:56:00,DED-00156,internal,STO-00156
ALA-00157,DEV-00157,requires_review,high,internal,2026-05-01T02:50:00,2026-04-06T15:09:00,DED-00157,standard,STO-00157
ALA-00158,DEV-00158,degraded,gold,manual,2026-09-14T22:18:00,2026-02-20T23:37:00,DED-00158,degraded,STO-00158
ALA-00159,DEV-00159,high_risk,medium,pending,2026-09-06T13:50:00,2026-02-07T16:29:00,DED-00159,high_risk,STO-00159
ALA-00160,DEV-00160,approved,gold,pending,2026-01-28T07:56:00,2026-02-22T07:34:00,DED-00160,pending,STO-00160
ALA-00161,DEV-00161,approved,silver,requires_review,2026-05-18T01:01:00,2026-03-07T05:45:00,DED-00161,internal,STO-00161
ALA-00162,DEV-00162,internal,high,ai_assisted,2026-05-16T05:46:00,2026-08-26T16:32:00,DED-00162,pending,STO-00162
ALA-00163,DEV-00163,approved,critical,rejected,2026-04-23T08:59:00,2026-08-02T04:18:00,DED-00163,high_risk,STO-00163
ALA-00164,DEV-00164,not_enforced,silver,rejected,2026-02-23T20:23:00,2026-05-11T11:18:00,DED-00164,standard,STO-00164
ALA-00165,DEV-00165,high_risk,high,high_risk,2026-08-24T18:11:00,2026-04-30T03:47:00,DED-00165,standard,STO-00165
ALA-00166,DEV-00166,manual,medium,rejected,2026-08-03T08:00:00,2026-08-29T11:50:00,DED-00166,internal,STO-00166
ALA-00167,DEV-00167,high_risk,medium,pending,2026-07-23T18:25:00,2026-06-30T21:56:00,DED-00167,pending,STO-00167
ALA-00168,DEV-00168,vendor,low,ai_assisted,2026-04-13T12:25:00,2026-06-11T05:35:00,DED-00168,requires_review,STO-00168
ALA-00169,DEV-00169,normal,low,not_enforced,2026-07-12T18:37:00,2026-05-06T13:51:00,DED-00169,normal,STO-00169
ALA-00170,DEV-00170,standard,high,ai_assisted,2026-01-30T23:51:00,2026-03-01T21:00:00,DED-00170,manual,STO-00170
ALA-00171,DEV-00171,manual,medium,manual,2026-05-13T09:38:00,2026-01-23T07:16:00,DED-00171,approved,STO-00171
ALA-00172,DEV-00172,not_enforced,silver,manual,2026-05-31T00:41:00,2026-08-03T09:06:00,DED-00172,standard,STO-00172
ALA-00173,DEV-00173,internal,gold,manual,2026-01-23T08:33:00,2026-06-25T12:34:00,DED-00173,requires_review,STO-00173
ALA-00174,DEV-00174,high_risk,medium,internal,2026-02-14T07:33:00,2026-03-09T01:28:00,DED-00174,requires_review,STO-00174
ALA-00175,DEV-00175,normal,low,standard,2026-08-05T19:11:00,2026-02-16T09:28:00,DED-00175,manual,STO-00175
ALA-00176,DEV-00176,not_enforced,gold,vendor,2026-06-14T20:26:00,2026-02-14T16:30:00,DED-00176,not_enforced,STO-00176
ALA-00177,DEV-00177,standard,high,degraded,2026-05-20T20:16:00,2026-04-20T20:23:00,DED-00177,internal,STO-00177
ALA-00178,DEV-00178,legacy,low,normal,2026-03-03T17:42:00,2026-01-27T14:30:00,DED-00178,internal,STO-00178
ALA-00179,DEV-00179,approved,medium,vendor,2026-04-04T01:04:00,2026-06-09T16:53:00,DED-00179,requires_review,STO-00179
ALA-00180,DEV-00180,not_enforced,gold,ai_assisted,2026-05-07T17:06:00,2026-08-24T23:11:00,DED-00180,high_risk,STO-00180
ALA-00181,DEV-00181,ai_assisted,gold,pending,2026-05-13T11:49:00,2026-05-22T20:59:00,DED-00181,standard,STO-00181
ALA-00182,DEV-00182,vendor,critical,legacy,2026-09-05T14:05:00,2026-06-12T12:01:00,DED-00182,normal,STO-00182
ALA-00183,DEV-00183,degraded,critical,legacy,2026-09-08T17:59:00,2026-02-08T21:46:00,DED-00183,vendor,STO-00183
ALA-00184,DEV-00184,normal,critical,pending,2026-01-11T00:03:00,2026-01-28T21:13:00,DED-00184,ai_assisted,STO-00184
ALA-00185,DEV-00185,rejected,low,standard,2026-01-18T07:00:00,2026-04-01T16:20:00,DED-00185,degraded,STO-00185
ALA-00186,DEV-00186,vendor,critical,approved,2026-07-05T10:03:00,2026-08-24T00:29:00,DED-00186,requires_review,STO-00186
ALA-00187,DEV-00187,requires_review,silver,pending,2026-05-27T09:34:00,2026-03-23T22:58:00,DED-00187,manual,STO-00187
ALA-00188,DEV-00188,standard,critical,degraded,2026-04-01T21:06:00,2026-07-10T23:44:00,DED-00188,rejected,STO-00188
ALA-00189,DEV-00189,pending,silver,standard,2026-09-11T10:05:00,2026-02-10T18:16:00,DED-00189,approved,STO-00189
ALA-00190,DEV-00190,requires_review,bronze,high_risk,2026-04-03T05:43:00,2026-05-09T22:11:00,DED-00190,vendor,STO-00190
ALA-00191,DEV-00191,pending,medium,legacy,2026-03-10T23:26:00,2026-02-07T01:14:00,DED-00191,requires_review,STO-00191
ALA-00192,DEV-00192,standard,high,requires_review,2026-05-20T20:10:00,2026-07-17T22:05:00,DED-00192,approved,STO-00192
ALA-00193,DEV-00193,requires_review,low,manual,2026-07-14T14:44:00,2026-07-23T08:28:00,DED-00193,approved,STO-00193
ALA-00194,DEV-00194,manual,low,internal,2026-06-05T21:41:00,2026-09-12T12:27:00,DED-00194,normal,STO-00194
ALA-00195,DEV-00195,not_enforced,medium,rejected,2026-02-25T12:57:00,2026-09-17T15:27:00,DED-00195,internal,STO-00195
ALA-00196,DEV-00196,manual,critical,degraded,2026-01-12T06:53:00,2026-02-24T08:58:00,DED-00196,pending,STO-00196
ALA-00197,DEV-00197,requires_review,critical,rejected,2026-06-13T16:39:00,2026-02-09T20:29:00,DED-00197,degraded,STO-00197
ALA-00198,DEV-00198,rejected,critical,ai_assisted,2026-08-04T05:05:00,2026-02-06T09:33:00,DED-00198,approved,STO-00198
ALA-00199,DEV-00199,requires_review,high,not_enforced,2026-06-25T08:42:00,2026-03-11T18:05:00,DED-00199,standard,STO-00199
ALA-00200,DEV-00200,degraded,low,degraded,2026-05-12T13:27:00,2026-04-12T07:10:00,DED-00200,pending,STO-00200
ALA-00201,DEV-00201,high_risk,silver,standard,2026-01-28T20:41:00,2026-02-02T14:06:00,DED-00201,internal,STO-00201
ALA-00202,DEV-00202,high_risk,high,manual,2026-08-30T06:50:00,2026-08-11T19:29:00,DED-00202,rejected,STO-00202
ALA-00203,DEV-00203,legacy,low,not_enforced,2026-01-30T09:57:00,2026-06-08T03:07:00,DED-00203,pending,STO-00203
ALA-00204,DEV-00204,standard,critical,rejected,2026-01-06T04:25:00,2026-05-31T16:22:00,DED-00204,manual,STO-00204
ALA-00205,DEV-00205,pending,critical,normal,2026-01-01T22:47:00,2026-08-14T03:11:00,DED-00205,legacy,STO-00205
ALA-00206,DEV-00206,approved,bronze,legacy,2026-03-07T19:34:00,2026-04-13T12:04:00,DED-00206,vendor,STO-00206
ALA-00207,DEV-00207,rejected,gold,not_enforced,2026-08-23T16:27:00,2026-02-16T19:46:00,DED-00207,degraded,STO-00207
ALA-00208,DEV-00208,approved,silver,approved,2026-01-01T18:33:00,2026-02-15T00:59:00,DED-00208,ai_assisted,STO-00208
ALA-00209,DEV-00209,approved,low,legacy,2026-05-25T00:33:00,2026-09-05T08:44:00,DED-00209,high_risk,STO-00209
ALA-00210,DEV-00210,high_risk,high,not_enforced,2026-06-12T15:23:00,2026-03-06T19:22:00,DED-00210,legacy,STO-00210
ALA-00211,DEV-00211,degraded,medium,internal,2026-07-22T14:09:00,2026-01-10T02:52:00,DED-00211,internal,STO-00211
ALA-00212,DEV-00212,approved,silver,high_risk,2026-05-31T12:04:00,2026-03-14T13:33:00,DED-00212,manual,STO-00212
ALA-00213,DEV-00213,vendor,silver,approved,2026-09-01T11:12:00,2026-08-14T23:52:00,DED-00213,high_risk,STO-00213
ALA-00214,DEV-00214,legacy,bronze,vendor,2026-03-13T10:28:00,2026-02-17T06:56:00,DED-00214,internal,STO-00214
ALA-00215,DEV-00215,not_enforced,bronze,not_enforced,2026-08-26T13:18:00,2026-04-16T09:00:00,DED-00215,requires_review,STO-00215
ALA-00216,DEV-00216,degraded,bronze,vendor,2026-03-10T05:01:00,2026-09-16T13:06:00,DED-00216,standard,STO-00216
ALA-00217,DEV-00217,pending,bronze,rejected,2026-01-25T01:58:00,2026-05-01T02:41:00,DED-00217,legacy,STO-00217
ALA-00218,DEV-00218,manual,silver,vendor,2026-05-01T08:21:00,2026-03-07T15:59:00,DED-00218,requires_review,STO-00218
ALA-00219,DEV-00219,degraded,critical,legacy,2026-08-01T02:55:00,2026-08-22T18:21:00,DED-00219,manual,STO-00219
ALA-00220,DEV-00220,degraded,bronze,internal,2026-09-13T22:31:00,2026-01-29T20:43:00,DED-00220,high_risk,STO-00220
ALA-00221,DEV-00221,legacy,silver,manual,2026-06-21T04:08:00,2026-07-11T13:19:00,DED-00221,degraded,STO-00221
ALA-00222,DEV-00222,requires_review,high,ai_assisted,2026-08-24T21:23:00,2026-02-16T13:02:00,DED-00222,internal,STO-00222
ALA-00223,DEV-00223,manual,gold,manual,2026-08-10T04:58:00,2026-03-28T09:34:00,DED-00223,high_risk,STO-00223
ALA-00224,DEV-00224,not_enforced,low,normal,2026-01-20T08:24:00,2026-05-17T20:49:00,DED-00224,requires_review,STO-00224
ALA-00225,DEV-00225,rejected,low,ai_assisted,2026-07-30T20:21:00,2026-09-18T20:29:00,DED-00225,approved,STO-00225
ALA-00226,DEV-00226,ai_assisted,bronze,ai_assisted,2026-09-09T00:00:00,2026-04-23T11:39:00,DED-00226,rejected,STO-00226
ALA-00227,DEV-00227,rejected,low,not_enforced,2026-04-04T12:44:00,2026-06-21T17:39:00,DED-00227,rejected,STO-00227
ALA-00228,DEV-00228,internal,critical,not_enforced,2026-02-16T12:57:00,2026-07-21T00:59:00,DED-00228,requires_review,STO-00228
ALA-00229,DEV-00229,ai_assisted,high,high_risk,2026-05-21T16:16:00,2026-04-15T13:16:00,DED-00229,manual,STO-00229
ALA-00230,DEV-00230,legacy,high,requires_review,2026-06-29T18:10:00,2026-03-24T16:22:00,DED-00230,vendor,STO-00230
ALA-00231,DEV-00231,degraded,high,high_risk,2026-06-20T06:58:00,2026-08-28T22:07:00,DED-00231,rejected,STO-00231
ALA-00232,DEV-00232,degraded,medium,requires_review,2026-05-11T00:55:00,2026-01-30T19:13:00,DED-00232,legacy,STO-00232
ALA-00233,DEV-00233,vendor,critical,pending,2026-07-25T09:23:00,2026-07-28T19:26:00,DED-00233,standard,STO-00233
ALA-00234,DEV-00234,not_enforced,low,standard,2026-07-27T08:00:00,2026-03-11T02:40:00,DED-00234,not_enforced,STO-00234
ALA-00235,DEV-00235,vendor,critical,not_enforced,2026-06-30T13:27:00,2026-06-08T16:40:00,DED-00235,legacy,STO-00235
ALA-00236,DEV-00236,vendor,low,internal,2026-07-09T00:55:00,2026-08-19T16:36:00,DED-00236,pending,STO-00236
ALA-00237,DEV-00237,internal,silver,legacy,2026-03-31T02:59:00,2026-06-17T02:04:00,DED-00237,ai_assisted,STO-00237
ALA-00238,DEV-00238,ai_assisted,high,rejected,2026-06-08T17:25:00,2026-07-30T14:18:00,DED-00238,manual,STO-00238
ALA-00239,DEV-00239,manual,bronze,high_risk,2026-08-06T21:30:00,2026-06-10T10:42:00,DED-00239,standard,STO-00239
ALA-00240,DEV-00240,degraded,silver,internal,2026-01-23T17:27:00,2026-04-29T21:17:00,DED-00240,legacy,STO-00240
ALA-00241,DEV-00241,vendor,bronze,approved,2026-07-04T21:25:00,2026-07-13T09:16:00,DED-00241,pending,STO-00241
ALA-00242,DEV-00242,normal,medium,rejected,2026-03-21T17:41:00,2026-05-11T00:19:00,DED-00242,legacy,STO-00242
ALA-00243,DEV-00243,normal,bronze,pending,2026-06-01T11:25:00,2026-04-03T10:52:00,DED-00243,pending,STO-00243
ALA-00244,DEV-00244,degraded,low,high_risk,2026-05-21T21:14:00,2026-04-18T05:15:00,DED-00244,degraded,STO-00244
ALA-00245,DEV-00245,approved,gold,rejected,2026-07-17T08:29:00,2026-04-22T02:57:00,DED-00245,not_enforced,STO-00245
ALA-00246,DEV-00246,rejected,low,pending,2026-04-11T07:29:00,2026-08-17T00:30:00,DED-00246,not_enforced,STO-00246
ALA-00247,DEV-00247,standard,medium,not_enforced,2026-06-16T06:48:00,2026-03-27T21:56:00,DED-00247,normal,STO-00247
ALA-00248,DEV-00248,approved,high,normal,2026-04-29T14:01:00,2026-05-28T11:53:00,DED-00248,not_enforced,STO-00248
ALA-00249,DEV-00249,rejected,bronze,degraded,2026-06-01T07:56:00,2026-07-21T13:43:00,DED-00249,standard,STO-00249
ALA-00250,DEV-00250,rejected,medium,manual,2026-07-20T01:48:00,2026-08-31T08:53:00,DED-00250,standard,STO-00250
ALA-00251,DEV-00251,degraded,silver,ai_assisted,2026-03-16T07:26:00,2026-04-29T20:44:00,DED-00251,not_enforced,STO-00251
ALA-00252,DEV-00252,legacy,low,ai_assisted,2026-05-21T15:47:00,2026-09-07T02:07:00,DED-00252,rejected,STO-00252
ALA-00253,DEV-00253,pending,bronze,requires_review,2026-01-16T16:01:00,2026-05-17T10:23:00,DED-00253,degraded,STO-00253
ALA-00254,DEV-00254,high_risk,bronze,standard,2026-03-20T18:27:00,2026-08-29T09:44:00,DED-00254,approved,STO-00254
ALA-00255,DEV-00255,high_risk,medium,degraded,2026-01-18T10:28:00,2026-07-07T06:10:00,DED-00255,approved,STO-00255
ALA-00256,DEV-00256,ai_assisted,silver,approved,2026-08-30T14:42:00,2026-04-20T19:30:00,DED-00256,internal,STO-00256
ALA-00257,DEV-00257,degraded,silver,internal,2026-08-22T23:24:00,2026-04-11T10:07:00,DED-00257,pending,STO-00257
ALA-00258,DEV-00258,legacy,critical,manual,2026-09-07T07:01:00,2026-08-03T09:23:00,DED-00258,approved,STO-00258
ALA-00259,DEV-00259,ai_assisted,bronze,requires_review,2026-04-21T09:02:00,2026-09-19T06:27:00,DED-00259,not_enforced,STO-00259
ALA-00260,DEV-00260,normal,medium,high_risk,2026-05-16T14:41:00,2026-04-12T17:48:00,DED-00260,vendor,STO-00260
ALA-00261,DEV-00261,normal,silver,normal,2026-07-14T06:31:00,2026-05-31T11:51:00,DED-00261,standard,STO-00261
ALA-00262,DEV-00262,vendor,silver,ai_assisted,2026-06-09T00:28:00,2026-03-22T12:03:00,DED-00262,normal,STO-00262
ALA-00263,DEV-00263,ai_assisted,low,vendor,2026-02-16T18:07:00,2026-08-04T02:34:00,DED-00263,rejected,STO-00263
ALA-00264,DEV-00264,requires_review,silver,approved,2026-08-12T10:56:00,2026-05-30T16:27:00,DED-00264,not_enforced,STO-00264
ALA-00265,DEV-00265,legacy,medium,pending,2026-02-23T23:11:00,2026-05-07T20:38:00,DED-00265,not_enforced,STO-00265
ALA-00266,DEV-00266,degraded,bronze,legacy,2026-09-07T12:49:00,2026-02-20T02:56:00,DED-00266,degraded,STO-00266
ALA-00267,DEV-00267,rejected,silver,internal,2026-01-19T18:02:00,2026-09-07T13:30:00,DED-00267,manual,STO-00267
ALA-00268,DEV-00268,rejected,bronze,approved,2026-07-03T07:44:00,2026-01-16T14:40:00,DED-00268,rejected,STO-00268
ALA-00269,DEV-00269,legacy,high,requires_review,2026-06-05T11:53:00,2026-04-28T15:45:00,DED-00269,vendor,STO-00269
ALA-00270,DEV-00270,internal,silver,ai_assisted,2026-05-31T19:47:00,2026-05-05T09:05:00,DED-00270,degraded,STO-00270
ALA-00271,DEV-00271,normal,bronze,requires_review,2026-03-03T08:06:00,2026-03-08T11:57:00,DED-00271,internal,STO-00271
ALA-00272,DEV-00272,rejected,medium,vendor,2026-05-25T03:06:00,2026-08-02T20:48:00,DED-00272,not_enforced,STO-00272
ALA-00273,DEV-00273,standard,silver,legacy,2026-05-05T15:04:00,2026-02-16T20:49:00,DED-00273,requires_review,STO-00273
ALA-00274,DEV-00274,high_risk,gold,standard,2026-04-19T19:44:00,2026-04-03T12:29:00,DED-00274,vendor,STO-00274
ALA-00275,DEV-00275,pending,high,approved,2026-06-09T15:57:00,2026-07-09T16:38:00,DED-00275,manual,STO-00275
ALA-00276,DEV-00276,rejected,medium,ai_assisted,2026-04-05T02:55:00,2026-04-26T08:08:00,DED-00276,approved,STO-00276
ALA-00277,DEV-00277,legacy,silver,ai_assisted,2026-04-16T16:42:00,2026-08-20T15:12:00,DED-00277,pending,STO-00277
ALA-00278,DEV-00278,ai_assisted,bronze,degraded,2026-03-16T08:27:00,2026-09-06T18:47:00,DED-00278,internal,STO-00278
ALA-00279,DEV-00279,not_enforced,silver,requires_review,2026-01-23T13:03:00,2026-07-11T13:47:00,DED-00279,pending,STO-00279
ALA-00280,DEV-00280,degraded,critical,vendor,2026-03-26T07:55:00,2026-01-04T05:07:00,DED-00280,approved,STO-00280
ALA-00281,DEV-00281,vendor,bronze,high_risk,2026-04-13T07:25:00,2026-07-07T05:14:00,DED-00281,internal,STO-00281
ALA-00282,DEV-00282,normal,bronze,not_enforced,2026-01-22T23:40:00,2026-06-24T18:00:00,DED-00282,degraded,STO-00282
ALA-00283,DEV-00283,rejected,high,ai_assisted,2026-07-17T16:13:00,2026-04-02T05:53:00,DED-00283,not_enforced,STO-00283
ALA-00284,DEV-00284,requires_review,high,rejected,2026-06-24T23:46:00,2026-07-29T21:48:00,DED-00284,manual,STO-00284
ALA-00285,DEV-00285,normal,low,normal,2026-07-23T02:31:00,2026-04-30T08:31:00,DED-00285,normal,STO-00285
ALA-00286,DEV-00286,ai_assisted,critical,normal,2026-03-23T04:14:00,2026-03-09T23:58:00,DED-00286,internal,STO-00286
ALA-00287,DEV-00287,requires_review,medium,ai_assisted,2026-08-29T17:22:00,2026-04-18T07:53:00,DED-00287,high_risk,STO-00287
ALA-00288,DEV-00288,ai_assisted,high,standard,2026-01-10T12:47:00,2026-06-22T02:54:00,DED-00288,approved,STO-00288
ALA-00289,DEV-00289,normal,gold,approved,2026-01-17T11:08:00,2026-01-30T01:20:00,DED-00289,not_enforced,STO-00289
ALA-00290,DEV-00290,pending,bronze,approved,2026-01-06T03:14:00,2026-03-06T12:58:00,DED-00290,not_enforced,STO-00290
ALA-00291,DEV-00291,manual,bronze,degraded,2026-08-02T04:53:00,2026-04-17T16:20:00,DED-00291,normal,STO-00291
ALA-00292,DEV-00292,vendor,gold,normal,2026-05-28T14:08:00,2026-03-16T05:26:00,DED-00292,requires_review,STO-00292
ALA-00293,DEV-00293,normal,low,ai_assisted,2026-03-16T02:36:00,2026-01-01T11:13:00,DED-00293,vendor,STO-00293
ALA-00294,DEV-00294,rejected,bronze,high_risk,2026-08-15T04:13:00,2026-05-22T15:45:00,DED-00294,standard,STO-00294
ALA-00295,DEV-00295,legacy,critical,requires_review,2026-06-25T02:12:00,2026-02-23T01:30:00,DED-00295,pending,STO-00295
ALA-00296,DEV-00296,standard,gold,internal,2026-09-03T11:47:00,2026-04-19T20:47:00,DED-00296,manual,STO-00296
ALA-00297,DEV-00297,standard,bronze,normal,2026-08-10T02:45:00,2026-08-18T15:30:00,DED-00297,legacy,STO-00297
ALA-00298,DEV-00298,internal,low,not_enforced,2026-06-11T14:17:00,2026-02-16T06:55:00,DED-00298,standard,STO-00298
ALA-00299,DEV-00299,high_risk,bronze,normal,2026-05-12T12:05:00,2026-07-06T15:27:00,DED-00299,rejected,STO-00299
ALA-00300,DEV-00300,legacy,critical,pending,2026-05-30T07:28:00,2026-04-03T12:13:00,DED-00300,vendor,STO-00300
ALA-00301,DEV-00301,pending,gold,legacy,2026-09-06T12:55:00,2026-06-27T20:16:00,DED-00301,legacy,STO-00301
ALA-00302,DEV-00302,normal,low,rejected,2026-03-28T10:28:00,2026-02-27T09:17:00,DED-00302,internal,STO-00302
ALA-00303,DEV-00303,standard,low,vendor,2026-01-13T22:54:00,2026-07-14T11:26:00,DED-00303,vendor,STO-00303
ALA-00304,DEV-00304,standard,gold,ai_assisted,2026-09-17T01:22:00,2026-02-18T00:24:00,DED-00304,approved,STO-00304
ALA-00305,DEV-00305,rejected,medium,standard,2026-08-24T17:28:00,2026-07-15T03:41:00,DED-00305,degraded,STO-00305
ALA-00306,DEV-00306,normal,medium,internal,2026-05-03T08:12:00,2026-08-19T03:46:00,DED-00306,legacy,STO-00306
ALA-00307,DEV-00307,vendor,medium,high_risk,2026-01-24T17:44:00,2026-06-29T23:14:00,DED-00307,ai_assisted,STO-00307
ALA-00308,DEV-00308,requires_review,high,degraded,2026-08-02T13:23:00,2026-01-07T14:59:00,DED-00308,high_risk,STO-00308
ALA-00309,DEV-00309,vendor,high,internal,2026-04-13T17:50:00,2026-04-11T01:15:00,DED-00309,not_enforced,STO-00309
ALA-00310,DEV-00310,vendor,bronze,standard,2026-05-05T01:57:00,2026-05-23T11:01:00,DED-00310,rejected,STO-00310
ALA-00311,DEV-00311,approved,low,rejected,2026-09-18T10:19:00,2026-09-16T11:15:00,DED-00311,internal,STO-00311
ALA-00312,DEV-00312,not_enforced,gold,not_enforced,2026-08-24T15:28:00,2026-08-15T01:19:00,DED-00312,high_risk,STO-00312
ALA-00313,DEV-00313,approved,low,pending,2026-05-09T00:32:00,2026-09-01T13:56:00,DED-00313,manual,STO-00313
ALA-00314,DEV-00314,not_enforced,high,requires_review,2026-06-27T04:58:00,2026-07-18T17:06:00,DED-00314,approved,STO-00314
ALA-00315,DEV-00315,normal,bronze,high_risk,2026-03-09T11:15:00,2026-06-03T22:35:00,DED-00315,vendor,STO-00315
ALA-00316,DEV-00316,requires_review,medium,not_enforced,2026-01-28T04:25:00,2026-05-26T18:16:00,DED-00316,high_risk,STO-00316
ALA-00317,DEV-00317,not_enforced,critical,normal,2026-04-09T23:14:00,2026-08-02T00:28:00,DED-00317,approved,STO-00317
ALA-00318,DEV-00318,legacy,gold,legacy,2026-01-20T15:01:00,2026-02-16T23:44:00,DED-00318,pending,STO-00318
ALA-00319,DEV-00319,legacy,critical,normal,2026-08-27T10:19:00,2026-07-21T05:10:00,DED-00319,requires_review,STO-00319
ALA-00320,DEV-00320,normal,low,high_risk,2026-07-10T18:39:00,2026-06-01T10:17:00,DED-00320,rejected,STO-00320
ALA-00321,DEV-00321,vendor,critical,degraded,2026-07-13T04:24:00,2026-09-12T10:06:00,DED-00321,internal,STO-00321
ALA-00322,DEV-00322,legacy,silver,normal,2026-07-30T10:17:00,2026-07-13T17:56:00,DED-00322,pending,STO-00322
ALA-00323,DEV-00323,high_risk,gold,standard,2026-04-10T02:41:00,2026-08-29T07:12:00,DED-00323,manual,STO-00323
ALA-00324,DEV-00324,standard,critical,internal,2026-05-19T19:24:00,2026-05-13T22:26:00,DED-00324,high_risk,STO-00324
ALA-00325,DEV-00325,requires_review,gold,ai_assisted,2026-01-28T21:09:00,2026-05-16T02:50:00,DED-00325,not_enforced,STO-00325
ALA-00326,DEV-00326,manual,critical,approved,2026-01-23T08:30:00,2026-01-26T09:07:00,DED-00326,rejected,STO-00326
ALA-00327,DEV-00327,internal,bronze,not_enforced,2026-04-14T15:39:00,2026-09-16T09:04:00,DED-00327,standard,STO-00327
ALA-00328,DEV-00328,not_enforced,silver,requires_review,2026-02-19T17:18:00,2026-08-10T21:28:00,DED-00328,normal,STO-00328
ALA-00329,DEV-00329,rejected,high,not_enforced,2026-02-28T04:29:00,2026-07-10T23:40:00,DED-00329,rejected,STO-00329
ALA-00330,DEV-00330,internal,bronze,not_enforced,2026-05-30T14:37:00,2026-09-17T10:55:00,DED-00330,rejected,STO-00330
ALA-00331,DEV-00331,high_risk,high,requires_review,2026-01-10T08:13:00,2026-03-25T15:17:00,DED-00331,internal,STO-00331
ALA-00332,DEV-00332,manual,gold,rejected,2026-02-24T02:45:00,2026-04-01T14:35:00,DED-00332,requires_review,STO-00332
ALA-00333,DEV-00333,approved,low,legacy,2026-09-18T14:42:00,2026-04-11T13:31:00,DED-00333,standard,STO-00333
ALA-00334,DEV-00334,legacy,bronze,rejected,2026-01-26T10:20:00,2026-06-11T01:52:00,DED-00334,standard,STO-00334
ALA-00335,DEV-00335,standard,silver,pending,2026-04-14T20:04:00,2026-06-15T05:50:00,DED-00335,standard,STO-00335
ALA-00336,DEV-00336,vendor,bronze,not_enforced,2026-08-16T07:59:00,2026-08-06T17:36:00,DED-00336,pending,STO-00336
ALA-00337,DEV-00337,not_enforced,gold,not_enforced,2026-05-05T15:13:00,2026-04-12T09:28:00,DED-00337,standard,STO-00337
ALA-00338,DEV-00338,manual,high,rejected,2026-02-24T03:30:00,2026-06-20T01:03:00,DED-00338,high_risk,STO-00338
ALA-00339,DEV-00339,normal,silver,manual,2026-08-26T15:46:00,2026-06-11T07:46:00,DED-00339,ai_assisted,STO-00339
ALA-00340,DEV-00340,requires_review,gold,approved,2026-04-22T11:38:00,2026-03-10T08:25:00,DED-00340,rejected,STO-00340
ALA-00341,DEV-00341,internal,medium,normal,2026-01-11T07:51:00,2026-03-07T00:40:00,DED-00341,ai_assisted,STO-00341
ALA-00342,DEV-00342,not_enforced,medium,standard,2026-04-27T02:43:00,2026-04-14T15:18:00,DED-00342,degraded,STO-00342
ALA-00343,DEV-00343,manual,gold,rejected,2026-04-28T15:20:00,2026-06-05T15:30:00,DED-00343,ai_assisted,STO-00343
ALA-00344,DEV-00344,normal,bronze,requires_review,2026-05-16T07:22:00,2026-01-15T12:14:00,DED-00344,high_risk,STO-00344
ALA-00345,DEV-00345,degraded,low,approved,2026-02-01T20:40:00,2026-07-02T21:17:00,DED-00345,ai_assisted,STO-00345
ALA-00346,DEV-00346,requires_review,bronze,vendor,2026-04-16T08:54:00,2026-04-04T17:41:00,DED-00346,internal,STO-00346
ALA-00347,DEV-00347,ai_assisted,silver,approved,2026-04-18T12:11:00,2026-07-31T15:20:00,DED-00347,degraded,STO-00347
ALA-00348,DEV-00348,approved,medium,not_enforced,2026-04-19T22:57:00,2026-01-27T01:31:00,DED-00348,not_enforced,STO-00348
ALA-00349,DEV-00349,legacy,bronze,degraded,2026-08-23T10:27:00,2026-04-20T07:32:00,DED-00349,legacy,STO-00349
ALA-00350,DEV-00350,not_enforced,silver,rejected,2026-09-19T17:33:00,2026-04-13T09:09:00,DED-00350,approved,STO-00350
ALA-00004,DEV-00005,manual,silver,approved,2026-03-24T23:08:00,2026-08-31T06:29:00,DED-00005,legacy,STO-00005
ALA-BAD1,,,,,,,,,
ALA-00013,DEV-00013,internal,high,legacy,1900-01-01T00:00:00,2026-06-03T15:37:00,DED-00013,degraded,STO-00013
ALA-00019,DEV-00019,standard,low,manual,2026-04-08T21:35:00,2026-01-02T18:57:00,DED-00019,ai_assisted,STO-00019
