circuit_id,customer_id,a_end,z_end,bandwidth_mbps,service_class,status,provisioned_at,sla_tier,orphan_flag
REC-0001,CUS-00001,legacy,gamma,8307.62,high,queued,2026-06-22T09:26:00,high,false
CIR-00002,CUS-00002,beta,legacy,9992.46,critical,closed,2026-06-27T16:27:00,bronze,true
CIR-00003,CUS-00003,alpha,beta,3297.59,critical,in_progress,2026-02-27T01:32:00,bronze,true
CIR-00004,CUS-00004,beta,gamma,4967.16,critical,manual_hold,2026-06-30T12:37:00,high,false
CIR-00005,CUS-00005,modernized,alpha,1531.08,critical,approved,2026-04-14T04:49:00,critical,true
CIR-00006,CUS-00006,gamma,gamma,9426.47,silver,in_progress,2026-08-21T12:13:00,silver,false
CIR-00007,CUS-00007,legacy,gamma,899.26,medium,closed,2026-03-19T04:33:00,medium,false
CIR-00008,CUS-00008,legacy,gamma,1153.32,low,failed,2026-08-31T16:25:00,low,true
CIR-00009,CUS-00009,legacy,legacy,5197.01,high,new,2026-08-05T08:51:00,low,true
CIR-00010,CUS-00010,gamma,alpha,6912.39,bronze,approved,2026-04-13T21:31:00,silver,true
CIR-00011,CUS-00011,beta,modernized,4137.0,gold,in_progress,2026-09-18T21:15:00,gold,true
CIR-00012,CUS-00012,gamma,modernized,9389.59,gold,manual_hold,2026-09-19T01:58:00,high,false
CIR-00013,CUS-00013,gamma,gamma,5215.9,critical,new,2026-05-27T09:28:00,medium,false
CIR-00014,CUS-00014,gamma,modernized,8297.15,high,manual_hold,2026-03-05T12:48:00,bronze,false
CIR-00015,CUS-00015,legacy,legacy,1927.57,high,manual_hold,2026-01-18T06:39:00,gold,true
CIR-00016,CUS-00016,alpha,gamma,5803.94,high,queued,2026-05-06T11:34:00,silver,false
CIR-00017,CUS-00017,legacy,legacy,2499.05,bronze,queued,2026-05-05T20:04:00,low,true
CIR-00018,CUS-00018,alpha,legacy,1790.7,high,new,2026-06-13T19:51:00,medium,false
CIR-00019,CUS-00019,modernized,alpha,300.78,bronze,new,2026-08-28T04:16:00,medium,false
CIR-00020,CUS-00020,alpha,gamma,6745.17,bronze,failed,2026-05-16T09:59:00,critical,true
CIR-00021,CUS-00021,gamma,legacy,2141.36,bronze,in_progress,2026-09-09T10:31:00,medium,false
CIR-00022,CUS-00022,legacy,legacy,6717.5,critical,queued,2026-08-14T03:20:00,high,false
CIR-00023,CUS-00023,modernized,modernized,739.03,low,in_progress,2026-03-27T08:43:00,medium,true
CIR-00024,CUS-00024,gamma,gamma,5952.74,silver,in_progress,2026-07-11T22:42:00,high,true
CIR-00025,CUS-00025,gamma,legacy,9082.83,high,approved,2026-02-06T01:06:00,critical,false
CIR-00026,CUS-00026,modernized,legacy,1348.04,silver,failed,2026-01-09T21:23:00,low,true
CIR-00027,CUS-00027,modernized,beta,2334.41,bronze,failed,2026-08-21T21:51:00,high,true
CIR-00028,CUS-00028,alpha,modernized,6211.7,high,failed,2026-03-01T00:01:00,critical,true
CIR-00029,CUS-00029,legacy,beta,5301.92,critical,new,2026-04-11T13:03:00,bronze,false
CIR-00030,CUS-00030,modernized,legacy,1758.67,critical,closed,2026-06-15T18:03:00,silver,false
CIR-00031,CUS-00031,modernized,beta,3031.32,gold,closed,2026-09-19T21:54:00,low,false
CIR-00032,CUS-00032,alpha,modernized,4162.43,medium,closed,2026-03-05T21:53:00,bronze,false
CIR-00033,CUS-00033,gamma,legacy,548.97,bronze,in_progress,2026-05-08T23:43:00,gold,false
CIR-00034,CUS-00034,gamma,gamma,8947.15,bronze,new,2026-06-26T13:52:00,critical,true
CIR-00035,CUS-00035,alpha,alpha,1571.65,medium,failed,2026-05-15T01:47:00,low,true
CIR-00036,CUS-00036,beta,legacy,8640.51,silver,new,2026-01-14T02:49:00,critical,false
CIR-00037,CUS-00037,beta,modernized,2661.72,gold,manual_hold,2026-09-11T23:06:00,medium,true
CIR-00038,CUS-00038,legacy,modernized,9377.88,low,failed,2026-09-17T21:23:00,gold,true
CIR-00039,CUS-00039,beta,beta,5719.47,bronze,manual_hold,2026-06-20T13:44:00,low,true
CIR-00040,CUS-00040,alpha,gamma,5776.48,medium,exception,2026-03-08T04:13:00,low,false
CIR-00041,CUS-00041,legacy,legacy,1561.88,gold,failed,2026-03-03T20:41:00,medium,false
CIR-00042,CUS-00042,alpha,legacy,388.52,silver,exception,2026-01-03T17:45:00,medium,true
CIR-00043,CUS-00043,alpha,legacy,7119.86,bronze,queued,2026-05-28T18:09:00,medium,true
CIR-00044,CUS-00044,legacy,legacy,568.35,silver,closed,2026-03-19T04:36:00,high,false
CIR-00045,CUS-00045,gamma,modernized,3784.09,high,approved,2026-06-21T18:46:00,medium,false
CIR-00046,CUS-00046,beta,legacy,347.57,silver,exception,2026-05-19T10:15:00,critical,true
CIR-00047,CUS-00047,alpha,modernized,8833.56,gold,new,2026-09-14T12:50:00,gold,false
CIR-00048,CUS-00048,modernized,legacy,9.46,bronze,new,2026-06-25T05:48:00,silver,true
CIR-00049,CUS-00049,modernized,modernized,7211.8,high,approved,2026-08-27T12:35:00,medium,false
CIR-00050,CUS-00050,legacy,gamma,4363.47,critical,approved,2026-05-04T18:51:00,critical,true
CIR-00051,CUS-00051,legacy,alpha,4251.97,silver,approved,2026-02-13T08:50:00,medium,true
CIR-00052,CUS-00052,modernized,modernized,9335.88,bronze,manual_hold,2026-01-03T14:13:00,critical,false
CIR-00053,CUS-00053,beta,beta,3679.59,critical,in_progress,2026-07-13T11:39:00,low,true
CIR-00054,CUS-00054,gamma,alpha,7684.17,high,exception,2026-05-21T04:16:00,silver,true
CIR-00055,CUS-00055,legacy,legacy,4.01,high,manual_hold,2026-03-02T15:19:00,medium,false
CIR-00056,CUS-00056,gamma,modernized,3279.16,critical,approved,2026-08-22T17:34:00,critical,false
CIR-00057,CUS-00057,legacy,beta,977.94,gold,exception,2026-02-10T19:26:00,low,true
CIR-00058,CUS-00058,beta,legacy,9589.97,bronze,in_progress,2026-01-07T16:04:00,medium,true
CIR-00059,CUS-00059,legacy,beta,671.64,silver,failed,2026-01-11T18:49:00,medium,true
CIR-00060,CUS-00060,beta,gamma,1100.7,high,exception,2026-02-07T01:51:00,gold,false
CIR-00061,CUS-00061,alpha,alpha,9900.0,high,approved,2026-03-01T17:21:00,low,true
CIR-00062,CUS-00062,gamma,beta,963.53,gold,closed,2026-03-24T07:30:00,medium,true
CIR-00063,CUS-00063,modernized,beta,3447.54,high,approved,2026-08-19T09:30:00,bronze,true
CIR-00064,CUS-00064,alpha,legacy,4814.54,critical,manual_hold,2026-07-28T18:49:00,medium,false
CIR-00065,CUS-00065,beta,beta,7936.23,medium,approved,2026-01-08T00:18:00,bronze,false
CIR-00066,CUS-00066,alpha,beta,5388.85,low,in_progress,2026-05-12T22:33:00,medium,false
CIR-00067,CUS-00067,legacy,modernized,2316.53,critical,in_progress,2026-01-14T16:17:00,silver,false
CIR-00068,CUS-00068,alpha,beta,6983.52,medium,failed,2026-06-27T01:49:00,bronze,false
CIR-00069,CUS-00069,legacy,gamma,5342.2,critical,closed,2026-07-10T12:17:00,gold,false
CIR-00070,CUS-00070,modernized,alpha,2897.96,medium,in_progress,2026-03-20T19:35:00,medium,false
CIR-00071,CUS-00071,alpha,alpha,5899.31,low,new,2026-09-12T13:21:00,medium,true
CIR-00072,CUS-00072,beta,gamma,5084.02,critical,manual_hold,2026-08-11T22:39:00,medium,true
CIR-00073,CUS-00073,legacy,alpha,3095.82,gold,exception,2026-01-07T23:07:00,high,true
CIR-00074,CUS-00074,gamma,gamma,4863.77,critical,approved,2026-01-16T08:29:00,low,true
CIR-00075,CUS-00075,alpha,legacy,1339.52,low,closed,2026-03-06T23:32:00,gold,true
CIR-00076,CUS-00076,modernized,modernized,1210.39,bronze,failed,2026-03-27T23:58:00,high,false
CIR-00077,CUS-00077,alpha,gamma,71.04,low,in_progress,2026-04-15T02:07:00,bronze,false
CIR-00078,CUS-00078,gamma,alpha,4325.95,low,approved,2026-06-21T02:44:00,low,false
CIR-00079,CUS-00079,gamma,legacy,3380.71,gold,queued,2026-01-07T11:02:00,medium,true
CIR-00080,CUS-00080,modernized,alpha,8716.83,medium,manual_hold,2026-02-24T05:07:00,medium,true
CIR-00081,CUS-00081,alpha,modernized,4192.38,medium,approved,2026-07-18T19:25:00,silver,false
CIR-00082,CUS-00082,gamma,beta,6110.25,gold,exception,2026-09-18T20:53:00,gold,true
CIR-00083,CUS-00083,beta,beta,1956.31,high,manual_hold,2026-06-05T05:09:00,silver,true
CIR-00084,CUS-00084,modernized,beta,2698.86,gold,failed,2026-03-24T10:48:00,gold,true
CIR-00085,CUS-00085,gamma,beta,9697.41,medium,in_progress,2026-09-01T23:30:00,critical,false
CIR-00086,CUS-00086,beta,gamma,2653.86,critical,approved,2026-04-09T05:53:00,high,true
CIR-00087,CUS-00087,modernized,alpha,6393.69,bronze,in_progress,2026-01-07T13:07:00,high,false
CIR-00088,CUS-00088,legacy,gamma,3971.73,low,closed,2026-05-21T21:56:00,bronze,false
CIR-00089,CUS-00089,modernized,legacy,4340.17,bronze,queued,2026-07-30T21:09:00,medium,false
CIR-00090,CUS-00090,modernized,legacy,4913.48,critical,exception,2026-02-09T13:12:00,high,false
CIR-00091,CUS-00091,alpha,legacy,3535.98,gold,exception,2026-07-23T22:57:00,low,false
CIR-00092,CUS-00092,modernized,gamma,5414.72,gold,closed,2026-02-10T02:18:00,medium,true
CIR-00093,CUS-00093,legacy,gamma,5029.13,medium,failed,2026-04-05T09:26:00,low,false
CIR-00094,CUS-00094,modernized,modernized,199.26,high,failed,2026-04-10T09:24:00,critical,true
CIR-00095,CUS-00095,beta,beta,2370.06,silver,manual_hold,2026-07-28T01:21:00,silver,true
CIR-00096,CUS-00096,beta,legacy,3020.03,gold,in_progress,2026-06-29T22:57:00,medium,false
CIR-00097,CUS-00097,legacy,legacy,8484.5,bronze,queued,2026-02-02T12:12:00,medium,false
CIR-00098,CUS-00098,alpha,alpha,6571.17,critical,new,2026-04-30T11:33:00,low,true
CIR-00099,CUS-00099,legacy,beta,7936.9,low,in_progress,2026-07-11T22:45:00,gold,true
CIR-00100,CUS-00100,legacy,legacy,4080.92,critical,queued,2026-02-25T16:12:00,gold,true
CIR-00101,CUS-00101,modernized,modernized,9331.88,bronze,new,2026-09-18T09:56:00,silver,true
CIR-00102,CUS-00102,alpha,beta,6137.24,critical,new,2026-09-15T22:14:00,silver,false
CIR-00103,CUS-00103,beta,beta,7216.5,silver,in_progress,2026-03-20T21:16:00,silver,false
CIR-00104,CUS-00104,legacy,beta,1025.46,low,new,2026-08-20T16:15:00,medium,false
CIR-00105,CUS-00105,alpha,modernized,9179.69,silver,closed,2026-01-21T17:44:00,low,true
CIR-00106,CUS-00106,gamma,beta,5720.56,high,in_progress,2026-09-12T20:20:00,bronze,true
CIR-00107,CUS-00107,modernized,beta,8916.02,high,new,2026-04-28T02:15:00,high,false
CIR-00108,CUS-00108,modernized,modernized,4446.98,high,new,2026-08-17T01:38:00,silver,false
CIR-00109,CUS-00109,beta,modernized,6844.95,silver,in_progress,2026-03-19T16:42:00,low,true
CIR-00110,CUS-00110,beta,beta,8660.02,low,new,2026-05-15T16:22:00,medium,false
CIR-00111,CUS-00111,alpha,legacy,965.53,silver,exception,2026-09-02T13:00:00,high,false
CIR-00112,CUS-00112,legacy,alpha,8459.51,low,manual_hold,2026-02-10T19:57:00,low,false
CIR-00113,CUS-00113,legacy,modernized,424.39,gold,manual_hold,2026-03-06T07:28:00,silver,false
CIR-00114,CUS-00114,alpha,beta,1283.19,gold,manual_hold,2026-03-10T11:38:00,gold,true
CIR-00115,CUS-00115,gamma,legacy,9419.93,gold,manual_hold,2026-03-27T05:06:00,silver,false
CIR-00116,CUS-00116,gamma,modernized,2806.65,high,exception,2026-01-04T06:24:00,low,false
CIR-00117,CUS-00117,beta,beta,8406.49,critical,new,2026-06-21T13:41:00,high,true
CIR-00118,CUS-00118,alpha,beta,8615.09,medium,failed,2026-08-16T07:56:00,silver,true
CIR-00119,CUS-00119,alpha,legacy,6110.26,gold,failed,2026-06-26T20:33:00,bronze,false
CIR-00120,CUS-00120,legacy,modernized,2797.84,critical,exception,2026-05-09T14:06:00,low,true
CIR-00121,CUS-00121,legacy,alpha,2128.3,high,closed,2026-01-06T19:06:00,low,false
CIR-00122,CUS-00122,alpha,modernized,1053.14,bronze,failed,2026-09-19T16:13:00,bronze,true
CIR-00123,CUS-00123,legacy,beta,4348.35,medium,failed,2026-03-14T00:06:00,bronze,false
CIR-00124,CUS-00124,alpha,alpha,5045.96,gold,failed,2026-06-10T05:10:00,gold,true
CIR-00125,CUS-00125,modernized,beta,895.27,gold,new,2026-05-11T10:55:00,bronze,true
CIR-00126,CUS-00126,gamma,modernized,8519.99,medium,failed,2026-05-01T16:28:00,silver,true
CIR-00127,CUS-00127,gamma,alpha,6167.51,critical,exception,2026-03-18T13:50:00,medium,true
CIR-00128,CUS-00128,legacy,gamma,8003.97,medium,in_progress,2026-07-22T01:49:00,low,true
CIR-00129,CUS-00129,modernized,gamma,73.24,critical,in_progress,2026-04-01T18:47:00,high,true
CIR-00130,CUS-00130,alpha,legacy,4087.15,critical,closed,2026-06-20T13:03:00,critical,false
CIR-00131,CUS-00131,alpha,modernized,6667.27,gold,exception,2026-07-02T20:24:00,high,false
CIR-00132,CUS-00132,beta,modernized,7421.45,gold,exception,2026-08-22T15:09:00,critical,false
CIR-00133,CUS-00133,gamma,legacy,9641.24,low,approved,2026-07-01T23:10:00,silver,true
CIR-00134,CUS-00134,legacy,gamma,76.04,high,failed,2026-09-05T10:45:00,low,true
CIR-00135,CUS-00135,alpha,beta,2911.79,low,approved,2026-06-18T02:33:00,medium,false
CIR-00136,CUS-00136,alpha,legacy,5602.42,silver,exception,2026-03-26T04:05:00,gold,true
CIR-00137,CUS-00137,legacy,legacy,4362.26,medium,new,2026-03-30T23:05:00,high,false
CIR-00138,CUS-00138,modernized,modernized,5935.33,critical,exception,2026-01-06T11:12:00,medium,true
CIR-00139,CUS-00139,gamma,gamma,1897.54,critical,exception,2026-03-07T06:57:00,bronze,true
CIR-00140,CUS-00140,gamma,gamma,4953.36,low,in_progress,2026-01-16T09:33:00,critical,true
CIR-00141,CUS-00141,gamma,beta,7607.23,low,new,2026-05-28T12:18:00,gold,false
CIR-00142,CUS-00142,alpha,modernized,4890.15,medium,new,2026-02-05T05:33:00,bronze,true
CIR-00143,CUS-00143,alpha,alpha,329.66,gold,closed,2026-07-13T04:14:00,bronze,false
CIR-00144,CUS-00144,alpha,modernized,6691.84,bronze,manual_hold,2026-02-21T13:03:00,bronze,true
CIR-00145,CUS-00145,legacy,modernized,2058.75,gold,queued,2026-07-23T14:37:00,critical,true
CIR-00146,CUS-00146,modernized,beta,1561.44,high,failed,2026-05-14T11:46:00,critical,false
CIR-00147,CUS-00147,modernized,gamma,7157.64,medium,new,2026-07-29T06:19:00,bronze,false
CIR-00148,CUS-00148,gamma,legacy,5102.39,silver,failed,2026-09-07T07:04:00,low,false
CIR-00149,CUS-00149,beta,beta,3661.14,low,failed,2026-08-17T10:50:00,high,true
CIR-00150,CUS-00150,beta,alpha,9944.04,bronze,failed,2026-02-26T12:53:00,critical,false
CIR-00151,CUS-00151,beta,beta,205.76,medium,manual_hold,2026-04-02T13:29:00,medium,true
CIR-00152,CUS-00152,beta,beta,415.79,medium,new,2026-08-11T10:35:00,critical,true
CIR-00153,CUS-00153,alpha,gamma,2316.21,critical,new,2026-05-14T16:50:00,high,true
CIR-00154,CUS-00154,legacy,gamma,3672.72,critical,queued,2026-05-10T21:21:00,high,true
CIR-00155,CUS-00155,modernized,legacy,7577.19,low,in_progress,2026-02-02T10:07:00,gold,true
CIR-00156,CUS-00156,modernized,beta,8644.05,high,queued,2026-08-23T09:32:00,gold,false
CIR-00157,CUS-00157,beta,modernized,4185.24,medium,manual_hold,2026-08-13T01:50:00,low,true
CIR-00158,CUS-00158,beta,gamma,8260.91,low,queued,2026-06-07T14:51:00,critical,true
CIR-00159,CUS-00159,modernized,gamma,7201.9,high,new,2026-07-22T08:31:00,low,false
CIR-00160,CUS-00160,legacy,legacy,7257.75,high,queued,2026-09-03T10:09:00,medium,true
CIR-00161,CUS-00161,legacy,legacy,553.97,critical,closed,2026-08-23T15:26:00,low,true
CIR-00162,CUS-00162,gamma,legacy,2339.58,silver,failed,2026-06-22T15:02:00,gold,false
CIR-00163,CUS-00163,modernized,beta,5392.55,low,approved,2026-02-24T23:10:00,medium,true
CIR-00164,CUS-00164,beta,modernized,9297.12,medium,new,2026-03-21T23:36:00,critical,true
CIR-00165,CUS-00165,alpha,gamma,1567.79,low,manual_hold,2026-05-11T19:31:00,medium,true
CIR-00166,CUS-00166,modernized,beta,3692.51,gold,new,2026-02-26T12:04:00,low,false
CIR-00167,CUS-00167,beta,modernized,1575.5,silver,in_progress,2026-05-01T02:52:00,silver,false
CIR-00168,CUS-00168,alpha,legacy,6174.79,high,queued,2026-05-28T15:01:00,low,false
CIR-00169,CUS-00169,gamma,alpha,3239.9,medium,new,2026-03-01T10:14:00,high,true
CIR-00170,CUS-00170,gamma,alpha,4369.78,bronze,new,2026-01-01T16:13:00,silver,false
CIR-00171,CUS-00171,legacy,modernized,5527.96,gold,in_progress,2026-04-05T01:55:00,bronze,false
CIR-00172,CUS-00172,legacy,alpha,6795.68,low,exception,2026-09-05T15:18:00,gold,true
CIR-00173,CUS-00173,gamma,beta,7484.59,critical,exception,2026-04-17T13:29:00,silver,false
CIR-00174,CUS-00174,legacy,legacy,1315.2,critical,failed,2026-06-15T11:01:00,high,false
CIR-00175,CUS-00175,modernized,gamma,5791.64,high,closed,2026-01-31T21:31:00,silver,true
CIR-00176,CUS-00176,gamma,alpha,7339.8,gold,manual_hold,2026-06-24T02:56:00,gold,false
CIR-00177,CUS-00177,beta,gamma,6710.43,low,queued,2026-02-13T19:17:00,gold,false
CIR-00178,CUS-00178,alpha,beta,9993.18,low,failed,2026-04-16T12:26:00,high,false
CIR-00179,CUS-00179,gamma,legacy,2269.25,bronze,failed,2026-05-02T16:04:00,gold,false
CIR-00180,CUS-00180,legacy,alpha,1012.54,medium,closed,2026-05-21T19:02:00,critical,false
CIR-00181,CUS-00181,modernized,gamma,2320.05,silver,new,2026-04-28T11:33:00,bronze,true
CIR-00182,CUS-00182,modernized,legacy,3581.64,medium,new,2026-02-13T12:51:00,bronze,true
CIR-00183,CUS-00183,legacy,alpha,5625.02,gold,manual_hold,2026-06-01T07:52:00,silver,true
CIR-00184,CUS-00184,modernized,modernized,7041.38,silver,approved,2026-04-03T10:06:00,high,false
CIR-00185,CUS-00185,alpha,gamma,6238.06,critical,failed,2026-09-05T03:03:00,gold,false
CIR-00186,CUS-00186,beta,alpha,6608.7,silver,approved,2026-03-31T14:57:00,medium,false
CIR-00187,CUS-00187,legacy,modernized,4203.46,high,new,2026-01-19T01:16:00,high,true
CIR-00188,CUS-00188,legacy,legacy,6994.11,low,queued,2026-08-24T01:26:00,silver,true
CIR-00189,CUS-00189,beta,legacy,8699.3,gold,in_progress,2026-09-13T03:57:00,bronze,false
CIR-00190,CUS-00190,modernized,alpha,2528.93,silver,exception,2026-06-11T07:20:00,bronze,true
CIR-00191,CUS-00191,beta,modernized,578.08,gold,approved,2026-04-09T20:10:00,low,true
CIR-00192,CUS-00192,modernized,gamma,9191.15,medium,approved,2026-03-11T09:52:00,medium,false
CIR-00193,CUS-00193,legacy,gamma,3641.57,silver,in_progress,2026-09-21T11:29:00,gold,false
CIR-00194,CUS-00194,legacy,alpha,7144.14,critical,failed,2026-09-06T04:47:00,silver,false
CIR-00195,CUS-00195,legacy,alpha,7520.14,bronze,in_progress,2026-03-17T18:51:00,gold,true
CIR-00196,CUS-00196,legacy,gamma,2523.98,critical,queued,2026-01-30T12:55:00,silver,true
CIR-00197,CUS-00197,gamma,alpha,5811.34,low,approved,2026-05-17T06:03:00,low,false
CIR-00198,CUS-00198,modernized,alpha,6949.29,bronze,in_progress,2026-08-25T06:49:00,bronze,true
CIR-00199,CUS-00199,gamma,alpha,7593.86,gold,queued,2026-07-03T00:38:00,high,true
CIR-00200,CUS-00200,gamma,alpha,3344.86,silver,failed,2026-08-02T21:52:00,gold,true
CIR-00201,CUS-00201,beta,alpha,3474.07,high,closed,2026-07-10T02:57:00,medium,true
CIR-00202,CUS-00202,alpha,beta,1726.94,critical,manual_hold,2026-08-30T01:24:00,silver,false
CIR-00203,CUS-00203,modernized,modernized,2955.51,gold,exception,2026-08-12T05:44:00,medium,true
CIR-00204,CUS-00204,modernized,modernized,647.34,bronze,closed,2026-02-28T17:00:00,high,true
CIR-00205,CUS-00205,beta,beta,9730.19,medium,closed,2026-07-05T23:40:00,critical,true
CIR-00206,CUS-00206,alpha,beta,6669.17,silver,closed,2026-02-22T02:01:00,silver,true
CIR-00207,CUS-00207,beta,legacy,2108.2,gold,failed,2026-04-23T13:14:00,high,false
CIR-00208,CUS-00208,beta,gamma,9707.06,low,in_progress,2026-04-06T22:40:00,bronze,false
CIR-00209,CUS-00209,alpha,alpha,9354.25,bronze,approved,2026-03-25T09:05:00,silver,false
CIR-00210,CUS-00210,gamma,alpha,5467.06,low,closed,2026-05-05T20:54:00,critical,true
CIR-00211,CUS-00211,modernized,beta,7582.69,high,manual_hold,2026-06-27T05:09:00,bronze,true
CIR-00212,CUS-00212,gamma,beta,7803.28,low,approved,2026-05-29T13:29:00,low,true
CIR-00213,CUS-00213,legacy,modernized,56.03,low,new,2026-08-19T19:40:00,silver,false
CIR-00214,CUS-00214,modernized,alpha,1954.1,silver,approved,2026-06-19T09:56:00,high,false
CIR-00215,CUS-00215,gamma,beta,3578.72,high,manual_hold,2026-06-16T16:46:00,critical,true
CIR-00216,CUS-00216,beta,gamma,4116.2,gold,approved,2026-07-13T13:56:00,critical,false
CIR-00217,CUS-00217,gamma,beta,8380.0,high,new,2026-01-29T05:52:00,critical,true
CIR-00218,CUS-00218,legacy,modernized,9814.82,gold,approved,2026-02-27T10:22:00,silver,true
CIR-00219,CUS-00219,modernized,modernized,4967.82,high,manual_hold,2026-07-20T05:01:00,critical,true
CIR-00220,CUS-00220,alpha,alpha,319.06,low,failed,2026-06-01T18:11:00,bronze,true
CIR-00221,CUS-00221,modernized,legacy,2180.93,critical,closed,2026-03-15T21:46:00,medium,false
CIR-00222,CUS-00222,alpha,legacy,9331.95,low,manual_hold,2026-08-11T04:20:00,high,true
CIR-00223,CUS-00223,gamma,legacy,3529.51,silver,failed,2026-01-20T02:30:00,bronze,false
CIR-00224,CUS-00224,modernized,alpha,716.46,critical,new,2026-05-07T01:56:00,silver,true
CIR-00225,CUS-00225,alpha,legacy,9072.47,bronze,approved,2026-09-21T09:40:00,critical,true
CIR-00226,CUS-00226,alpha,beta,5869.21,medium,closed,2026-06-17T08:51:00,gold,false
CIR-00227,CUS-00227,alpha,beta,1173.99,critical,in_progress,2026-07-04T02:13:00,critical,false
CIR-00228,CUS-00228,modernized,modernized,5249.49,silver,closed,2026-07-08T23:04:00,high,true
CIR-00229,CUS-00229,beta,legacy,8370.11,bronze,approved,2026-04-03T08:25:00,silver,false
CIR-00230,CUS-00230,beta,legacy,5231.59,critical,in_progress,2026-01-25T01:34:00,gold,true
CIR-00231,CUS-00231,gamma,legacy,996.36,silver,new,2026-02-20T06:55:00,critical,false
CIR-00232,CUS-00232,beta,gamma,4884.35,gold,failed,2026-06-14T17:29:00,silver,true
CIR-00233,CUS-00233,modernized,modernized,2209.88,high,closed,2026-02-01T23:19:00,critical,true
CIR-00234,CUS-00234,gamma,modernized,4715.89,bronze,closed,2026-02-02T03:44:00,gold,false
CIR-00235,CUS-00235,modernized,legacy,2234.97,low,queued,2026-02-01T02:43:00,silver,true
CIR-00236,CUS-00236,beta,modernized,6424.52,critical,in_progress,2026-01-03T19:00:00,high,true
CIR-00237,CUS-00237,alpha,legacy,7727.2,silver,new,2026-03-10T19:42:00,high,false
CIR-00238,CUS-00238,gamma,alpha,7011.47,silver,failed,2026-05-22T15:35:00,critical,false
CIR-00239,CUS-00239,alpha,gamma,3867.42,low,new,2026-03-14T20:42:00,high,false
CIR-00240,CUS-00240,gamma,legacy,3410.96,gold,exception,2026-01-23T11:28:00,silver,false
CIR-00241,CUS-00241,beta,alpha,5374.01,bronze,approved,2026-05-11T21:21:00,critical,false
CIR-00242,CUS-00242,gamma,gamma,9209.49,high,closed,2026-02-08T22:50:00,medium,true
CIR-00243,CUS-00243,legacy,beta,1147.28,low,failed,2026-06-25T07:01:00,low,false
CIR-00244,CUS-00244,legacy,gamma,171.84,medium,approved,2026-05-17T07:58:00,gold,true
CIR-00245,CUS-00245,modernized,modernized,56.17,silver,closed,2026-08-29T09:21:00,silver,true
CIR-00246,CUS-00246,legacy,modernized,145.7,silver,new,2026-04-29T05:09:00,critical,true
CIR-00247,CUS-00247,gamma,alpha,6516.43,low,queued,2026-01-20T09:00:00,high,true
CIR-00248,CUS-00248,alpha,beta,8433.26,high,failed,2026-06-02T08:13:00,gold,false
CIR-00249,CUS-00249,gamma,gamma,1495.79,critical,closed,2026-01-03T17:05:00,bronze,true
CIR-00250,CUS-00250,beta,legacy,6522.23,gold,new,2026-04-29T22:02:00,high,false
CIR-00251,CUS-00251,modernized,alpha,6124.73,silver,closed,2026-05-20T18:04:00,bronze,true
CIR-00252,CUS-00252,alpha,legacy,8842.35,medium,queued,2026-04-11T03:55:00,bronze,true
CIR-00253,CUS-00253,legacy,legacy,8735.4,silver,in_progress,2026-04-16T01:03:00,bronze,true
CIR-00254,CUS-00254,legacy,gamma,6923.76,silver,closed,2026-01-22T12:25:00,medium,false
CIR-00255,CUS-00255,modernized,alpha,4551.62,bronze,exception,2026-07-19T17:36:00,high,true
CIR-00256,CUS-00256,modernized,beta,2066.25,high,in_progress,2026-03-08T21:33:00,low,false
CIR-00257,CUS-00257,modernized,legacy,3483.07,medium,failed,2026-09-09T16:04:00,critical,false
CIR-00258,CUS-00258,beta,legacy,3680.64,low,manual_hold,2026-09-15T10:49:00,critical,false
CIR-00259,CUS-00259,modernized,beta,9142.95,silver,exception,2026-01-20T06:15:00,gold,true
CIR-00260,CUS-00260,gamma,alpha,9122.93,critical,new,2026-01-10T23:31:00,medium,false
CIR-00261,CUS-00261,alpha,legacy,2379.98,medium,manual_hold,2026-01-23T13:00:00,critical,false
CIR-00262,CUS-00262,legacy,gamma,9519.99,low,in_progress,2026-02-26T15:41:00,low,true
CIR-00263,CUS-00263,beta,modernized,7652.54,medium,manual_hold,2026-01-05T18:47:00,critical,true
CIR-00264,CUS-00264,gamma,gamma,4717.14,bronze,approved,2026-07-23T12:21:00,high,false
CIR-00265,CUS-00265,gamma,beta,8638.38,high,queued,2026-06-24T20:20:00,gold,true
CIR-00266,CUS-00266,alpha,alpha,5880.48,critical,in_progress,2026-08-25T05:52:00,low,false
CIR-00267,CUS-00267,alpha,beta,6516.16,medium,new,2026-07-18T09:51:00,silver,false
CIR-00268,CUS-00268,legacy,alpha,6596.99,high,in_progress,2026-03-15T18:34:00,silver,false
CIR-00269,CUS-00269,modernized,beta,8653.72,critical,approved,2026-09-14T02:30:00,silver,true
CIR-00270,CUS-00270,modernized,modernized,2002.42,bronze,in_progress,2026-07-09T10:37:00,low,true
CIR-00271,CUS-00271,modernized,gamma,6439.02,low,new,2026-07-24T19:53:00,gold,true
CIR-00272,CUS-00272,legacy,beta,5757.4,gold,failed,2026-04-14T15:36:00,silver,true
CIR-00273,CUS-00273,gamma,alpha,1263.79,low,failed,2026-06-05T14:57:00,medium,true
CIR-00274,CUS-00274,modernized,gamma,5468.27,medium,failed,2026-04-14T08:26:00,gold,false
CIR-00275,CUS-00275,modernized,modernized,7950.63,high,new,2026-04-24T00:00:00,medium,true
CIR-00276,CUS-00276,alpha,modernized,3916.71,silver,approved,2026-01-04T16:29:00,high,false
CIR-00277,CUS-00277,legacy,legacy,2411.26,gold,approved,2026-08-06T15:59:00,critical,true
CIR-00278,CUS-00278,beta,gamma,4401.33,bronze,manual_hold,2026-03-15T19:07:00,low,true
CIR-00279,CUS-00279,beta,alpha,2469.06,bronze,failed,2026-04-22T00:05:00,medium,false
CIR-00280,CUS-00280,modernized,gamma,4350.19,bronze,closed,2026-05-06T16:26:00,critical,true
CIR-00281,CUS-00281,beta,modernized,3150.28,silver,new,2026-07-24T13:21:00,critical,false
CIR-00282,CUS-00282,gamma,alpha,404.46,bronze,failed,2026-04-01T11:59:00,critical,true
CIR-00283,CUS-00283,alpha,alpha,3791.43,bronze,in_progress,2026-03-29T18:12:00,gold,true
CIR-00284,CUS-00284,alpha,gamma,7981.72,critical,queued,2026-04-21T05:23:00,gold,true
CIR-00285,CUS-00285,modernized,beta,2107.45,gold,closed,2026-06-16T02:10:00,bronze,true
CIR-00286,CUS-00286,alpha,gamma,8915.01,high,exception,2026-03-28T12:17:00,gold,false
CIR-00287,CUS-00287,beta,alpha,7764.5,medium,exception,2026-01-08T08:01:00,silver,true
CIR-00288,CUS-00288,legacy,modernized,1606.22,low,exception,2026-04-09T14:32:00,low,true
CIR-00289,CUS-00289,alpha,alpha,7835.55,bronze,manual_hold,2026-03-28T13:58:00,bronze,false
CIR-00290,CUS-00290,modernized,alpha,1843.85,medium,failed,2026-08-21T14:44:00,low,true
CIR-00291,CUS-00291,legacy,gamma,4781.96,silver,failed,2026-01-11T10:34:00,medium,false
CIR-00292,CUS-00292,gamma,legacy,5786.17,medium,failed,2026-07-24T18:30:00,high,false
CIR-00293,CUS-00293,beta,legacy,2895.67,medium,exception,2026-06-23T17:52:00,high,false
CIR-00294,CUS-00294,legacy,beta,8956.01,low,in_progress,2026-02-16T23:06:00,gold,true
CIR-00295,CUS-00295,modernized,alpha,5858.29,bronze,in_progress,2026-05-12T02:35:00,low,false
CIR-00296,CUS-00296,alpha,gamma,3557.43,critical,manual_hold,2026-04-13T05:52:00,high,true
CIR-00297,CUS-00297,beta,beta,4331.53,gold,in_progress,2026-03-02T19:49:00,medium,true
CIR-00298,CUS-00298,modernized,legacy,5888.2,gold,approved,2026-03-04T07:25:00,silver,true
CIR-00299,CUS-00299,beta,beta,3622.18,silver,queued,2026-02-04T20:01:00,silver,true
CIR-00300,CUS-00300,alpha,legacy,2511.85,gold,approved,2026-01-08T11:50:00,silver,true
CIR-00301,CUS-00301,alpha,gamma,965.22,high,approved,2026-01-05T17:06:00,high,true
CIR-00302,CUS-00302,alpha,beta,9537.05,critical,closed,2026-08-27T07:38:00,medium,false
CIR-00303,CUS-00303,alpha,gamma,9763.4,bronze,exception,2026-05-02T07:36:00,critical,false
CIR-00304,CUS-00304,alpha,legacy,3149.86,medium,in_progress,2026-01-21T18:29:00,critical,true
CIR-00305,CUS-00305,gamma,gamma,6754.0,gold,failed,2026-03-11T08:15:00,critical,true
CIR-00306,CUS-00306,alpha,gamma,5550.79,bronze,in_progress,2026-09-03T20:54:00,critical,false
CIR-00307,CUS-00307,alpha,beta,4644.86,low,queued,2026-02-23T06:49:00,low,true
CIR-00308,CUS-00308,modernized,beta,4452.69,gold,failed,2026-04-13T22:08:00,critical,true
CIR-00309,CUS-00309,beta,alpha,2420.57,silver,manual_hold,2026-03-10T04:11:00,gold,true
CIR-00310,CUS-00310,gamma,gamma,2995.63,high,new,2026-05-04T10:26:00,critical,true
CIR-00311,CUS-00311,modernized,alpha,6363.78,critical,exception,2026-08-06T14:40:00,medium,false
CIR-00312,CUS-00312,beta,modernized,1024.78,gold,in_progress,2026-03-09T23:37:00,bronze,true
CIR-00313,CUS-00313,alpha,gamma,144.28,low,new,2026-05-11T20:04:00,medium,false
CIR-00314,CUS-00314,beta,legacy,6122.35,low,approved,2026-06-24T08:05:00,low,false
CIR-00315,CUS-00315,modernized,gamma,1732.84,bronze,approved,2026-09-03T13:52:00,high,false
CIR-00316,CUS-00316,alpha,gamma,3159.06,gold,manual_hold,2026-06-21T07:23:00,high,true
CIR-00317,CUS-00317,beta,gamma,7103.72,bronze,exception,2026-07-28T12:56:00,high,false
CIR-00318,CUS-00318,gamma,beta,4975.47,bronze,closed,2026-06-18T09:01:00,low,true
CIR-00319,CUS-00319,alpha,alpha,2855.05,silver,failed,2026-07-06T07:40:00,high,false
CIR-00320,CUS-00320,beta,gamma,9213.94,high,queued,2026-09-07T06:22:00,bronze,true
CIR-00321,CUS-00321,alpha,beta,487.8,low,new,2026-03-29T12:54:00,critical,false
CIR-00322,CUS-00322,gamma,gamma,2722.75,critical,approved,2026-09-05T05:01:00,gold,true
CIR-00323,CUS-00323,gamma,beta,7202.52,low,in_progress,2026-04-20T22:38:00,gold,true
CIR-00324,CUS-00324,legacy,gamma,6692.68,high,approved,2026-03-12T14:02:00,high,false
CIR-00325,CUS-00325,alpha,alpha,4581.07,gold,closed,2026-05-14T19:16:00,bronze,false
CIR-00326,CUS-00326,legacy,gamma,3591.41,high,approved,2026-09-13T03:12:00,silver,false
CIR-00327,CUS-00327,legacy,gamma,7355.22,high,queued,2026-06-08T06:23:00,bronze,false
CIR-00328,CUS-00328,legacy,legacy,3808.5,low,approved,2026-02-16T07:04:00,gold,true
CIR-00329,CUS-00329,gamma,alpha,8318.8,critical,approved,2026-01-20T10:00:00,critical,false
CIR-00330,CUS-00330,legacy,alpha,4727.29,low,exception,2026-03-05T23:35:00,gold,false
CIR-00331,CUS-00331,gamma,gamma,7945.29,medium,queued,2026-05-24T05:47:00,low,true
CIR-00332,CUS-00332,legacy,beta,5105.63,medium,failed,2026-08-17T23:17:00,high,true
CIR-00333,CUS-00333,legacy,gamma,1535.04,bronze,closed,2026-08-16T07:47:00,medium,false
CIR-00334,CUS-00334,modernized,alpha,9395.79,low,exception,2026-04-30T19:30:00,gold,true
CIR-00335,CUS-00335,alpha,beta,8898.39,high,exception,2026-06-16T08:13:00,bronze,true
CIR-00336,CUS-00336,gamma,gamma,2529.43,gold,closed,2026-05-05T04:41:00,silver,true
CIR-00337,CUS-00337,legacy,legacy,6123.69,medium,exception,2026-05-31T00:11:00,critical,true
CIR-00338,CUS-00338,legacy,beta,4780.43,bronze,exception,2026-02-01T05:19:00,low,false
CIR-00339,CUS-00339,gamma,legacy,9205.42,silver,in_progress,2026-05-01T06:04:00,medium,false
CIR-00340,CUS-00340,modernized,beta,8991.35,low,exception,2026-05-28T11:24:00,low,false
CIR-00341,CUS-00341,legacy,alpha,6588.29,silver,approved,2026-03-12T06:48:00,bronze,true
CIR-00342,CUS-00342,alpha,modernized,6656.95,bronze,approved,2026-04-12T11:49:00,medium,false
CIR-00343,CUS-00343,alpha,alpha,6735.25,silver,closed,2026-07-17T14:01:00,bronze,false
CIR-00344,CUS-00344,legacy,beta,383.1,gold,queued,2026-07-11T17:34:00,gold,true
CIR-00345,CUS-00345,gamma,modernized,6736.72,high,approved,2026-01-29T12:48:00,bronze,false
CIR-00346,CUS-00346,legacy,gamma,5524.3,bronze,approved,2026-06-27T19:59:00,silver,false
CIR-00347,CUS-00347,beta,beta,7060.97,silver,failed,2026-09-18T08:05:00,medium,false
CIR-00348,CUS-00348,modernized,legacy,1248.81,high,queued,2026-04-25T14:36:00,gold,true
CIR-00349,CUS-00349,beta,beta,2020.78,gold,approved,2026-05-14T18:03:00,low,false
CIR-00350,CUS-00350,legacy,beta,5640.63,bronze,in_progress,2026-04-09T02:51:00,high,true
CIR-00004,CUS-00005,modernized,alpha,1531.08,critical,approved,2026-04-14T04:49:00,critical,true
CIR-BAD1,,,,,,,,,
CIR-00013,CUS-00013,gamma,gamma,5215.9,critical,new,1900-01-01T00:00:00,medium,false
CIR-00019,CUS-00019,modernized,alpha,300.78,bronze,new,2026-08-28T04:16:00,medium,false
