device_id,hostname,vendor,device_type,site_id,network_zone,mgmt_ip,firmware,owner_team,credential_profile,last_seen_at,stale_topology_flag
REC-0001,legacy,requires_review,manual,SIT-00001,remote-6,gamma,vendor,normal,vendor,2026-05-28T13:24:00,false
DEV-00002,requires_review,legacy,requires_review,SIT-00002,east-4,alpha,ai_assisted,degraded,high_risk,2026-08-19T07:55:00,false
DEV-00003,vendor,rejected,manual,SIT-00003,central-5,beta,manual,vendor,manual,2026-01-30T02:46:00,true
DEV-00004,ai_assisted,manual,approved,SIT-00004,south-2,alpha,internal,high_risk,requires_review,2026-03-21T17:13:00,false
DEV-00005,normal,approved,standard,SIT-00005,south-2,modernized,internal,approved,manual,2026-01-11T19:32:00,true
DEV-00006,requires_review,approved,manual,SIT-00006,remote-6,alpha,requires_review,degraded,requires_review,2026-03-23T21:53:00,true
DEV-00007,not_enforced,legacy,degraded,SIT-00007,south-2,modernized,normal,not_enforced,degraded,2026-04-24T19:06:00,true
DEV-00008,high_risk,standard,pending,SIT-00008,remote-6,alpha,internal,rejected,approved,2026-01-23T09:22:00,false
DEV-00009,legacy,high_risk,manual,SIT-00009,central-5,gamma,legacy,ai_assisted,approved,2026-06-17T10:41:00,false
DEV-00010,internal,standard,vendor,SIT-00010,west-3,alpha,requires_review,rejected,rejected,2026-03-30T04:41:00,true
DEV-00011,pending,not_enforced,internal,SIT-00011,central-5,legacy,normal,manual,ai_assisted,2026-07-18T08:23:00,true
DEV-00012,rejected,requires_review,ai_assisted,SIT-00012,west-3,alpha,legacy,requires_review,legacy,2026-04-29T17:31:00,true
DEV-00013,standard,internal,internal,SIT-00013,north-1,beta,high_risk,manual,normal,2026-05-03T13:50:00,false
DEV-00014,degraded,degraded,vendor,SIT-00014,south-2,alpha,vendor,legacy,legacy,2026-07-05T17:14:00,true
DEV-00015,standard,approved,requires_review,SIT-00015,east-4,gamma,vendor,approved,internal,2026-08-25T17:09:00,false
DEV-00016,degraded,normal,pending,SIT-00016,north-1,alpha,ai_assisted,requires_review,rejected,2026-05-27T13:45:00,false
DEV-00017,high_risk,pending,high_risk,SIT-00017,west-3,modernized,ai_assisted,approved,degraded,2026-05-15T13:31:00,true
DEV-00018,high_risk,pending,requires_review,SIT-00018,east-4,beta,manual,pending,pending,2026-07-30T23:14:00,false
DEV-00019,pending,pending,degraded,SIT-00019,remote-6,legacy,pending,ai_assisted,manual,2026-04-22T03:51:00,true
DEV-00020,standard,manual,pending,SIT-00020,central-5,legacy,pending,normal,ai_assisted,2026-03-09T04:26:00,true
DEV-00021,internal,ai_assisted,pending,SIT-00021,east-4,alpha,ai_assisted,manual,legacy,2026-04-10T07:26:00,false
DEV-00022,requires_review,standard,rejected,SIT-00022,remote-6,gamma,rejected,standard,degraded,2026-04-30T17:43:00,true
DEV-00023,high_risk,ai_assisted,internal,SIT-00023,east-4,modernized,manual,approved,requires_review,2026-01-31T23:50:00,true
DEV-00024,high_risk,vendor,normal,SIT-00024,north-1,beta,manual,manual,ai_assisted,2026-06-05T00:40:00,true
DEV-00025,rejected,high_risk,rejected,SIT-00025,remote-6,gamma,standard,pending,requires_review,2026-02-12T14:22:00,true
DEV-00026,ai_assisted,degraded,high_risk,SIT-00026,south-2,legacy,high_risk,degraded,legacy,2026-09-04T18:04:00,true
DEV-00027,ai_assisted,rejected,legacy,SIT-00027,west-3,modernized,approved,not_enforced,internal,2026-07-26T02:31:00,true
DEV-00028,ai_assisted,pending,not_enforced,SIT-00028,remote-6,modernized,high_risk,pending,vendor,2026-07-11T13:01:00,false
DEV-00029,normal,vendor,high_risk,SIT-00029,north-1,alpha,requires_review,high_risk,pending,2026-01-31T18:33:00,false
DEV-00030,normal,requires_review,approved,SIT-00030,west-3,alpha,manual,normal,normal,2026-05-10T07:50:00,false
DEV-00031,rejected,approved,manual,SIT-00031,central-5,alpha,ai_assisted,normal,internal,2026-02-19T10:16:00,false
DEV-00032,normal,pending,standard,SIT-00032,north-1,alpha,legacy,rejected,pending,2026-04-19T03:36:00,true
DEV-00033,normal,pending,pending,SIT-00033,west-3,gamma,ai_assisted,vendor,vendor,2026-08-25T00:39:00,true
DEV-00034,vendor,ai_assisted,internal,SIT-00034,remote-6,gamma,manual,pending,not_enforced,2026-07-23T19:19:00,false
DEV-00035,pending,internal,degraded,SIT-00035,south-2,modernized,approved,rejected,pending,2026-01-02T03:34:00,true
DEV-00036,standard,ai_assisted,approved,SIT-00036,remote-6,modernized,approved,ai_assisted,ai_assisted,2026-02-07T21:04:00,false
DEV-00037,standard,normal,vendor,SIT-00037,west-3,modernized,rejected,pending,legacy,2026-07-04T17:12:00,false
DEV-00038,high_risk,not_enforced,degraded,SIT-00038,central-5,gamma,ai_assisted,legacy,rejected,2026-01-08T19:32:00,false
DEV-00039,high_risk,high_risk,ai_assisted,SIT-00039,east-4,alpha,degraded,pending,approved,2026-04-01T02:31:00,false
DEV-00040,vendor,manual,vendor,SIT-00040,east-4,gamma,manual,requires_review,ai_assisted,2026-05-21T17:52:00,true
DEV-00041,internal,requires_review,approved,SIT-00041,central-5,modernized,rejected,legacy,legacy,2026-09-20T09:30:00,false
DEV-00042,vendor,normal,normal,SIT-00042,west-3,modernized,approved,legacy,degraded,2026-08-19T22:09:00,false
DEV-00043,degraded,ai_assisted,rejected,SIT-00043,north-1,gamma,vendor,legacy,pending,2026-04-28T20:59:00,false
DEV-00044,normal,not_enforced,not_enforced,SIT-00044,central-5,beta,approved,ai_assisted,legacy,2026-01-20T08:35:00,false
DEV-00045,vendor,legacy,degraded,SIT-00045,south-2,alpha,manual,internal,normal,2026-07-03T04:06:00,false
DEV-00046,ai_assisted,high_risk,standard,SIT-00046,central-5,gamma,approved,normal,degraded,2026-01-01T15:11:00,true
DEV-00047,vendor,ai_assisted,vendor,SIT-00047,central-5,legacy,approved,internal,ai_assisted,2026-04-08T21:23:00,false
DEV-00048,pending,vendor,manual,SIT-00048,remote-6,beta,internal,internal,approved,2026-05-11T18:20:00,true
DEV-00049,high_risk,degraded,legacy,SIT-00049,west-3,alpha,approved,approved,normal,2026-08-15T09:21:00,true
DEV-00050,pending,manual,approved,SIT-00050,west-3,modernized,approved,high_risk,manual,2026-02-24T19:43:00,false
DEV-00051,manual,pending,internal,SIT-00051,east-4,beta,vendor,standard,manual,2026-01-11T22:20:00,false
DEV-00052,high_risk,degraded,standard,SIT-00052,south-2,modernized,legacy,normal,manual,2026-04-13T06:34:00,false
DEV-00053,pending,standard,approved,SIT-00053,west-3,legacy,not_enforced,standard,vendor,2026-06-04T08:24:00,false
DEV-00054,vendor,manual,ai_assisted,SIT-00054,remote-6,gamma,standard,manual,rejected,2026-05-26T19:06:00,true
DEV-00055,ai_assisted,standard,degraded,SIT-00055,east-4,beta,not_enforced,normal,degraded,2026-04-28T03:07:00,true
DEV-00056,manual,internal,manual,SIT-00056,south-2,legacy,degraded,legacy,approved,2026-05-27T11:06:00,false
DEV-00057,ai_assisted,degraded,standard,SIT-00057,east-4,gamma,internal,rejected,vendor,2026-05-31T15:17:00,false
DEV-00058,high_risk,ai_assisted,high_risk,SIT-00058,east-4,beta,standard,internal,not_enforced,2026-08-24T17:06:00,true
DEV-00059,approved,standard,not_enforced,SIT-00059,east-4,legacy,rejected,not_enforced,not_enforced,2026-06-26T05:02:00,true
DEV-00060,manual,requires_review,internal,SIT-00060,east-4,beta,internal,rejected,ai_assisted,2026-03-24T09:11:00,false
DEV-00061,legacy,pending,internal,SIT-00061,west-3,beta,not_enforced,normal,not_enforced,2026-01-31T22:33:00,false
DEV-00062,not_enforced,pending,legacy,SIT-00062,south-2,alpha,legacy,vendor,rejected,2026-07-07T14:56:00,true
DEV-00063,degraded,requires_review,approved,SIT-00063,east-4,alpha,ai_assisted,rejected,standard,2026-02-03T14:52:00,false
DEV-00064,approved,rejected,approved,SIT-00064,north-1,legacy,legacy,standard,normal,2026-01-05T23:14:00,true
DEV-00065,requires_review,rejected,vendor,SIT-00065,west-3,beta,not_enforced,standard,internal,2026-02-13T08:47:00,false
DEV-00066,not_enforced,not_enforced,degraded,SIT-00066,south-2,modernized,requires_review,standard,standard,2026-08-28T21:07:00,true
DEV-00067,pending,high_risk,normal,SIT-00067,west-3,gamma,manual,manual,legacy,2026-09-02T06:10:00,true
DEV-00068,normal,high_risk,normal,SIT-00068,west-3,gamma,normal,manual,pending,2026-09-13T00:56:00,true
DEV-00069,standard,standard,legacy,SIT-00069,central-5,alpha,not_enforced,vendor,ai_assisted,2026-07-16T07:42:00,true
DEV-00070,not_enforced,high_risk,pending,SIT-00070,east-4,beta,requires_review,vendor,standard,2026-02-02T00:43:00,true
DEV-00071,internal,not_enforced,requires_review,SIT-00071,north-1,modernized,legacy,vendor,ai_assisted,2026-08-12T02:57:00,false
DEV-00072,rejected,standard,legacy,SIT-00072,south-2,gamma,legacy,ai_assisted,normal,2026-04-26T17:18:00,true
DEV-00073,approved,pending,normal,SIT-00073,west-3,alpha,pending,high_risk,legacy,2026-06-16T15:54:00,true
DEV-00074,ai_assisted,vendor,manual,SIT-00074,central-5,gamma,normal,high_risk,not_enforced,2026-01-31T23:52:00,true
DEV-00075,pending,vendor,ai_assisted,SIT-00075,west-3,beta,normal,requires_review,vendor,2026-04-12T18:30:00,true
DEV-00076,requires_review,high_risk,requires_review,SIT-00076,east-4,beta,internal,standard,ai_assisted,2026-07-04T15:42:00,true
DEV-00077,high_risk,rejected,high_risk,SIT-00077,west-3,beta,pending,approved,pending,2026-02-17T15:06:00,true
DEV-00078,manual,high_risk,standard,SIT-00078,central-5,modernized,internal,vendor,not_enforced,2026-01-24T04:44:00,false
DEV-00079,not_enforced,manual,standard,SIT-00079,central-5,beta,degraded,approved,degraded,2026-02-26T02:13:00,true
DEV-00080,legacy,degraded,internal,SIT-00080,central-5,alpha,manual,vendor,high_risk,2026-03-02T05:39:00,false
DEV-00081,manual,ai_assisted,internal,SIT-00081,east-4,beta,high_risk,internal,pending,2026-07-15T11:22:00,true
DEV-00082,high_risk,standard,vendor,SIT-00082,west-3,alpha,high_risk,high_risk,vendor,2026-07-04T06:48:00,false
DEV-00083,normal,ai_assisted,degraded,SIT-00083,central-5,alpha,degraded,internal,rejected,2026-02-19T02:16:00,false
DEV-00084,requires_review,manual,normal,SIT-00084,west-3,modernized,normal,legacy,vendor,2026-01-16T14:14:00,true
DEV-00085,requires_review,pending,high_risk,SIT-00085,central-5,gamma,vendor,approved,high_risk,2026-09-16T05:59:00,false
DEV-00086,requires_review,not_enforced,normal,SIT-00086,west-3,gamma,approved,not_enforced,standard,2026-09-15T13:16:00,false
DEV-00087,ai_assisted,manual,approved,SIT-00087,east-4,gamma,high_risk,degraded,standard,2026-02-20T02:03:00,false
DEV-00088,standard,vendor,ai_assisted,SIT-00088,north-1,alpha,normal,rejected,rejected,2026-07-16T07:26:00,true
DEV-00089,degraded,not_enforced,approved,SIT-00089,central-5,gamma,rejected,standard,legacy,2026-04-24T19:10:00,true
DEV-00090,approved,ai_assisted,requires_review,SIT-00090,remote-6,legacy,pending,requires_review,legacy,2026-06-17T01:24:00,true
DEV-00091,standard,not_enforced,standard,SIT-00091,remote-6,gamma,internal,high_risk,manual,2026-02-09T15:18:00,false
DEV-00092,rejected,high_risk,ai_assisted,SIT-00092,north-1,gamma,not_enforced,pending,standard,2026-03-18T18:36:00,true
DEV-00093,degraded,ai_assisted,legacy,SIT-00093,west-3,alpha,pending,ai_assisted,approved,2026-01-28T05:49:00,true
DEV-00094,ai_assisted,pending,requires_review,SIT-00094,remote-6,legacy,manual,requires_review,approved,2026-03-13T02:49:00,false
DEV-00095,rejected,internal,manual,SIT-00095,west-3,alpha,high_risk,rejected,high_risk,2026-04-26T03:44:00,true
DEV-00096,ai_assisted,requires_review,manual,SIT-00096,west-3,beta,manual,requires_review,degraded,2026-07-25T03:12:00,false
DEV-00097,vendor,manual,ai_assisted,SIT-00097,west-3,legacy,ai_assisted,normal,requires_review,2026-03-28T23:30:00,true
DEV-00098,normal,standard,not_enforced,SIT-00098,north-1,gamma,internal,approved,vendor,2026-04-04T00:51:00,true
DEV-00099,legacy,ai_assisted,not_enforced,SIT-00099,central-5,legacy,standard,ai_assisted,approved,2026-01-31T18:13:00,true
DEV-00100,requires_review,degraded,legacy,SIT-00100,remote-6,modernized,manual,degraded,rejected,2026-05-31T16:58:00,false
DEV-00101,manual,ai_assisted,rejected,SIT-00101,east-4,gamma,normal,internal,degraded,2026-08-31T10:55:00,true
DEV-00102,normal,high_risk,legacy,SIT-00102,west-3,legacy,rejected,ai_assisted,degraded,2026-01-06T08:45:00,true
DEV-00103,manual,legacy,high_risk,SIT-00103,south-2,alpha,vendor,requires_review,requires_review,2026-03-03T19:05:00,false
DEV-00104,vendor,internal,internal,SIT-00104,east-4,alpha,high_risk,requires_review,manual,2026-01-09T18:45:00,true
DEV-00105,requires_review,not_enforced,ai_assisted,SIT-00105,west-3,alpha,vendor,pending,not_enforced,2026-02-10T13:11:00,false
DEV-00106,requires_review,legacy,legacy,SIT-00106,west-3,beta,normal,normal,high_risk,2026-03-17T11:14:00,true
DEV-00107,degraded,high_risk,rejected,SIT-00107,east-4,beta,ai_assisted,requires_review,high_risk,2026-05-18T08:44:00,true
DEV-00108,requires_review,approved,legacy,SIT-00108,east-4,modernized,not_enforced,high_risk,normal,2026-02-05T17:57:00,false
DEV-00109,ai_assisted,manual,ai_assisted,SIT-00109,north-1,beta,manual,high_risk,standard,2026-03-29T14:04:00,true
DEV-00110,requires_review,ai_assisted,not_enforced,SIT-00110,central-5,legacy,high_risk,standard,rejected,2026-08-29T23:05:00,true
DEV-00111,internal,high_risk,internal,SIT-00111,west-3,legacy,legacy,not_enforced,approved,2026-04-19T09:01:00,true
DEV-00112,approved,degraded,ai_assisted,SIT-00112,west-3,beta,normal,vendor,rejected,2026-07-04T13:21:00,true
DEV-00113,requires_review,normal,not_enforced,SIT-00113,south-2,alpha,degraded,requires_review,standard,2026-04-28T05:26:00,true
DEV-00114,approved,normal,normal,SIT-00114,south-2,legacy,normal,not_enforced,approved,2026-09-18T11:05:00,false
DEV-00115,legacy,degraded,requires_review,SIT-00115,west-3,alpha,pending,approved,requires_review,2026-03-13T19:04:00,true
DEV-00116,ai_assisted,manual,ai_assisted,SIT-00116,east-4,legacy,vendor,requires_review,pending,2026-01-04T17:35:00,false
DEV-00117,normal,ai_assisted,vendor,SIT-00117,south-2,legacy,vendor,normal,legacy,2026-05-15T18:47:00,true
DEV-00118,rejected,standard,requires_review,SIT-00118,west-3,alpha,vendor,not_enforced,ai_assisted,2026-09-15T09:13:00,true
DEV-00119,standard,internal,rejected,SIT-00119,east-4,modernized,legacy,approved,high_risk,2026-07-28T14:50:00,true
DEV-00120,high_risk,internal,ai_assisted,SIT-00120,remote-6,modernized,requires_review,rejected,normal,2026-03-24T12:02:00,false
DEV-00121,internal,normal,high_risk,SIT-00121,east-4,beta,vendor,pending,manual,2026-02-04T12:10:00,false
DEV-00122,approved,standard,degraded,SIT-00122,east-4,modernized,manual,not_enforced,vendor,2026-05-03T14:26:00,true
DEV-00123,not_enforced,vendor,approved,SIT-00123,central-5,alpha,pending,not_enforced,internal,2026-09-10T05:31:00,true
DEV-00124,degraded,degraded,standard,SIT-00124,remote-6,alpha,approved,vendor,normal,2026-05-21T13:35:00,true
DEV-00125,normal,vendor,standard,SIT-00125,east-4,gamma,manual,normal,vendor,2026-09-09T16:07:00,false
DEV-00126,internal,normal,approved,SIT-00126,south-2,alpha,normal,manual,approved,2026-03-07T03:03:00,true
DEV-00127,degraded,internal,normal,SIT-00127,south-2,alpha,pending,requires_review,ai_assisted,2026-04-21T17:35:00,false
DEV-00128,vendor,high_risk,legacy,SIT-00128,west-3,alpha,standard,manual,degraded,2026-06-08T04:29:00,true
DEV-00129,not_enforced,ai_assisted,standard,SIT-00129,north-1,legacy,manual,pending,standard,2026-03-30T17:29:00,true
DEV-00130,internal,legacy,vendor,SIT-00130,remote-6,beta,not_enforced,internal,rejected,2026-01-28T05:08:00,false
DEV-00131,rejected,pending,standard,SIT-00131,south-2,modernized,vendor,internal,high_risk,2026-07-16T00:01:00,false
DEV-00132,normal,normal,high_risk,SIT-00132,remote-6,gamma,degraded,pending,normal,2026-02-07T03:03:00,true
DEV-00133,internal,rejected,pending,SIT-00133,remote-6,alpha,vendor,vendor,approved,2026-08-11T01:11:00,false
DEV-00134,internal,vendor,approved,SIT-00134,remote-6,gamma,degraded,manual,normal,2026-01-06T08:43:00,false
DEV-00135,degraded,manual,rejected,SIT-00135,remote-6,legacy,approved,high_risk,approved,2026-07-16T16:33:00,false
DEV-00136,legacy,legacy,degraded,SIT-00136,west-3,alpha,standard,degraded,approved,2026-01-09T15:50:00,false
DEV-00137,degraded,not_enforced,legacy,SIT-00137,east-4,beta,approved,manual,approved,2026-03-17T01:54:00,true
DEV-00138,pending,pending,manual,SIT-00138,east-4,modernized,manual,degraded,internal,2026-07-25T02:19:00,true
DEV-00139,approved,high_risk,degraded,SIT-00139,north-1,beta,manual,not_enforced,requires_review,2026-02-01T15:00:00,false
DEV-00140,requires_review,manual,standard,SIT-00140,west-3,beta,not_enforced,high_risk,not_enforced,2026-09-05T02:21:00,true
DEV-00141,manual,not_enforced,degraded,SIT-00141,west-3,alpha,requires_review,legacy,not_enforced,2026-03-20T10:54:00,false
DEV-00142,vendor,vendor,normal,SIT-00142,north-1,legacy,vendor,high_risk,pending,2026-02-19T21:03:00,true
DEV-00143,approved,internal,degraded,SIT-00143,north-1,alpha,manual,legacy,rejected,2026-01-24T08:05:00,true
DEV-00144,requires_review,requires_review,high_risk,SIT-00144,east-4,alpha,manual,internal,degraded,2026-06-29T02:06:00,false
DEV-00145,pending,pending,degraded,SIT-00145,south-2,legacy,approved,requires_review,vendor,2026-01-30T17:30:00,true
DEV-00146,vendor,manual,manual,SIT-00146,central-5,modernized,standard,standard,vendor,2026-06-04T11:50:00,false
DEV-00147,approved,legacy,pending,SIT-00147,south-2,gamma,pending,normal,ai_assisted,2026-04-27T18:20:00,true
DEV-00148,approved,rejected,internal,SIT-00148,remote-6,legacy,degraded,high_risk,normal,2026-04-19T21:49:00,true
DEV-00149,rejected,pending,internal,SIT-00149,remote-6,gamma,manual,manual,rejected,2026-09-01T12:54:00,true
DEV-00150,pending,standard,legacy,SIT-00150,central-5,alpha,standard,rejected,ai_assisted,2026-04-10T07:53:00,false
DEV-00151,standard,vendor,pending,SIT-00151,north-1,legacy,approved,ai_assisted,pending,2026-02-03T16:36:00,true
DEV-00152,approved,internal,pending,SIT-00152,remote-6,gamma,requires_review,standard,approved,2026-05-29T08:03:00,false
DEV-00153,approved,legacy,internal,SIT-00153,central-5,modernized,ai_assisted,ai_assisted,rejected,2026-09-10T03:32:00,true
DEV-00154,manual,normal,degraded,SIT-00154,north-1,alpha,ai_assisted,rejected,normal,2026-04-19T15:23:00,true
DEV-00155,standard,manual,requires_review,SIT-00155,remote-6,beta,internal,pending,vendor,2026-03-24T22:19:00,true
DEV-00156,requires_review,degraded,rejected,SIT-00156,north-1,legacy,approved,requires_review,manual,2026-05-27T02:34:00,false
DEV-00157,ai_assisted,requires_review,vendor,SIT-00157,east-4,alpha,high_risk,approved,approved,2026-02-25T13:54:00,true
DEV-00158,internal,manual,internal,SIT-00158,south-2,gamma,manual,standard,degraded,2026-01-03T23:49:00,true
DEV-00159,standard,approved,ai_assisted,SIT-00159,east-4,modernized,requires_review,rejected,normal,2026-01-08T10:00:00,true
DEV-00160,rejected,not_enforced,requires_review,SIT-00160,west-3,beta,degraded,legacy,not_enforced,2026-04-04T21:00:00,true
DEV-00161,vendor,high_risk,standard,SIT-00161,east-4,beta,high_risk,approved,pending,2026-05-08T17:48:00,true
DEV-00162,requires_review,legacy,internal,SIT-00162,south-2,modernized,legacy,ai_assisted,vendor,2026-02-15T05:47:00,true
DEV-00163,normal,approved,high_risk,SIT-00163,central-5,legacy,normal,standard,high_risk,2026-08-17T16:49:00,false
DEV-00164,legacy,legacy,standard,SIT-00164,remote-6,modernized,high_risk,requires_review,legacy,2026-08-05T04:18:00,false
DEV-00165,not_enforced,rejected,pending,SIT-00165,east-4,alpha,degraded,high_risk,approved,2026-08-29T13:21:00,true
DEV-00166,approved,standard,manual,SIT-00166,east-4,modernized,standard,manual,legacy,2026-05-02T17:22:00,true
DEV-00167,pending,standard,rejected,SIT-00167,east-4,gamma,approved,ai_assisted,approved,2026-04-30T11:01:00,false
DEV-00168,pending,internal,not_enforced,SIT-00168,west-3,beta,requires_review,ai_assisted,rejected,2026-08-10T09:13:00,true
DEV-00169,internal,high_risk,standard,SIT-00169,north-1,modernized,normal,vendor,legacy,2026-02-18T23:20:00,true
DEV-00170,degraded,pending,pending,SIT-00170,central-5,gamma,vendor,ai_assisted,rejected,2026-01-22T19:23:00,false
DEV-00171,requires_review,legacy,standard,SIT-00171,north-1,beta,ai_assisted,normal,high_risk,2026-07-15T18:45:00,false
DEV-00172,pending,manual,requires_review,SIT-00172,remote-6,beta,high_risk,normal,degraded,2026-03-12T00:56:00,true
DEV-00173,normal,legacy,pending,SIT-00173,west-3,gamma,ai_assisted,rejected,pending,2026-05-18T03:48:00,true
DEV-00174,rejected,requires_review,requires_review,SIT-00174,north-1,alpha,pending,requires_review,not_enforced,2026-02-23T09:06:00,false
DEV-00175,manual,normal,high_risk,SIT-00175,central-5,beta,high_risk,high_risk,pending,2026-05-03T19:00:00,false
DEV-00176,degraded,not_enforced,requires_review,SIT-00176,central-5,legacy,internal,standard,degraded,2026-08-05T17:39:00,true
DEV-00177,not_enforced,not_enforced,standard,SIT-00177,north-1,beta,requires_review,rejected,manual,2026-01-29T19:53:00,false
DEV-00178,vendor,vendor,legacy,SIT-00178,south-2,modernized,not_enforced,standard,requires_review,2026-03-16T10:27:00,true
DEV-00179,legacy,not_enforced,normal,SIT-00179,south-2,beta,not_enforced,internal,manual,2026-06-26T02:18:00,true
DEV-00180,legacy,approved,pending,SIT-00180,west-3,gamma,high_risk,standard,manual,2026-05-18T01:55:00,false
DEV-00181,legacy,requires_review,requires_review,SIT-00181,north-1,gamma,standard,requires_review,pending,2026-01-26T16:57:00,true
DEV-00182,legacy,ai_assisted,legacy,SIT-00182,east-4,alpha,normal,not_enforced,manual,2026-05-29T05:46:00,false
DEV-00183,rejected,pending,rejected,SIT-00183,east-4,modernized,standard,ai_assisted,legacy,2026-09-21T17:32:00,false
DEV-00184,pending,not_enforced,not_enforced,SIT-00184,central-5,alpha,internal,pending,rejected,2026-05-29T11:59:00,false
DEV-00185,pending,standard,manual,SIT-00185,remote-6,beta,approved,normal,standard,2026-02-23T22:05:00,false
DEV-00186,rejected,pending,approved,SIT-00186,central-5,gamma,not_enforced,approved,approved,2026-09-19T13:57:00,true
DEV-00187,standard,high_risk,rejected,SIT-00187,south-2,beta,high_risk,degraded,approved,2026-07-28T05:02:00,true
DEV-00188,normal,pending,standard,SIT-00188,north-1,beta,high_risk,not_enforced,manual,2026-06-10T04:17:00,false
DEV-00189,legacy,not_enforced,normal,SIT-00189,central-5,legacy,manual,vendor,degraded,2026-01-18T04:51:00,false
DEV-00190,ai_assisted,requires_review,vendor,SIT-00190,east-4,gamma,standard,manual,manual,2026-04-28T22:34:00,true
DEV-00191,standard,approved,pending,SIT-00191,east-4,alpha,high_risk,ai_assisted,high_risk,2026-02-27T17:06:00,true
DEV-00192,high_risk,normal,pending,SIT-00192,north-1,gamma,internal,degraded,manual,2026-03-18T18:39:00,true
DEV-00193,rejected,not_enforced,vendor,SIT-00193,north-1,gamma,not_enforced,degraded,normal,2026-08-06T05:03:00,true
DEV-00194,requires_review,normal,manual,SIT-00194,remote-6,gamma,ai_assisted,degraded,requires_review,2026-01-07T01:17:00,true
DEV-00195,normal,normal,ai_assisted,SIT-00195,north-1,modernized,normal,rejected,approved,2026-03-16T05:05:00,true
DEV-00196,internal,requires_review,degraded,SIT-00196,west-3,modernized,high_risk,internal,normal,2026-03-18T00:34:00,false
DEV-00197,high_risk,normal,approved,SIT-00197,west-3,modernized,normal,ai_assisted,ai_assisted,2026-04-06T14:43:00,true
DEV-00198,normal,degraded,pending,SIT-00198,east-4,beta,rejected,requires_review,approved,2026-05-27T14:34:00,false
DEV-00199,internal,high_risk,approved,SIT-00199,east-4,gamma,high_risk,degraded,degraded,2026-01-31T13:47:00,false
DEV-00200,pending,not_enforced,requires_review,SIT-00200,north-1,legacy,manual,vendor,pending,2026-06-30T17:26:00,true
DEV-00201,legacy,rejected,not_enforced,SIT-00201,central-5,alpha,pending,not_enforced,legacy,2026-04-02T22:02:00,true
DEV-00202,internal,approved,internal,SIT-00202,north-1,alpha,requires_review,rejected,internal,2026-01-08T17:15:00,false
DEV-00203,high_risk,requires_review,normal,SIT-00203,east-4,alpha,degraded,manual,rejected,2026-06-12T19:03:00,false
DEV-00204,vendor,ai_assisted,degraded,SIT-00204,east-4,beta,internal,normal,requires_review,2026-06-08T20:09:00,true
DEV-00205,approved,degraded,manual,SIT-00205,north-1,beta,ai_assisted,rejected,pending,2026-04-10T18:52:00,true
DEV-00206,standard,pending,high_risk,SIT-00206,east-4,modernized,pending,standard,legacy,2026-09-14T18:36:00,false
DEV-00207,approved,ai_assisted,pending,SIT-00207,remote-6,gamma,approved,internal,standard,2026-06-22T16:54:00,true
DEV-00208,normal,not_enforced,pending,SIT-00208,north-1,modernized,standard,high_risk,legacy,2026-08-27T10:59:00,true
DEV-00209,standard,normal,degraded,SIT-00209,north-1,gamma,internal,manual,legacy,2026-05-09T02:40:00,true
DEV-00210,requires_review,high_risk,pending,SIT-00210,central-5,modernized,approved,vendor,high_risk,2026-04-19T06:29:00,true
DEV-00211,vendor,high_risk,degraded,SIT-00211,east-4,gamma,manual,degraded,normal,2026-08-27T14:40:00,false
DEV-00212,standard,approved,manual,SIT-00212,central-5,beta,pending,ai_assisted,high_risk,2026-05-08T20:12:00,false
DEV-00213,high_risk,manual,vendor,SIT-00213,remote-6,legacy,internal,rejected,rejected,2026-03-06T17:29:00,true
DEV-00214,degraded,legacy,standard,SIT-00214,west-3,beta,high_risk,degraded,ai_assisted,2026-05-19T13:24:00,true
DEV-00215,vendor,requires_review,high_risk,SIT-00215,west-3,alpha,degraded,normal,rejected,2026-06-16T09:49:00,true
DEV-00216,requires_review,legacy,ai_assisted,SIT-00216,central-5,gamma,manual,normal,internal,2026-07-11T19:48:00,false
DEV-00217,not_enforced,requires_review,not_enforced,SIT-00217,remote-6,gamma,degraded,legacy,requires_review,2026-06-11T13:36:00,true
DEV-00218,rejected,ai_assisted,normal,SIT-00218,north-1,beta,requires_review,rejected,high_risk,2026-05-07T20:34:00,false
DEV-00219,approved,approved,not_enforced,SIT-00219,remote-6,legacy,degraded,internal,approved,2026-02-04T08:53:00,false
DEV-00220,standard,normal,rejected,SIT-00220,central-5,modernized,requires_review,ai_assisted,not_enforced,2026-06-05T06:21:00,false
DEV-00221,approved,internal,not_enforced,SIT-00221,north-1,beta,high_risk,requires_review,high_risk,2026-08-22T12:58:00,false
DEV-00222,approved,rejected,rejected,SIT-00222,central-5,modernized,ai_assisted,internal,ai_assisted,2026-02-11T02:11:00,false
DEV-00223,vendor,vendor,requires_review,SIT-00223,south-2,modernized,requires_review,manual,vendor,2026-02-09T08:36:00,true
DEV-00224,high_risk,normal,requires_review,SIT-00224,east-4,gamma,rejected,degraded,approved,2026-06-06T18:40:00,true
DEV-00225,approved,vendor,standard,SIT-00225,east-4,modernized,pending,high_risk,approved,2026-02-24T12:17:00,false
DEV-00226,legacy,requires_review,manual,SIT-00226,east-4,alpha,pending,standard,ai_assisted,2026-07-17T03:59:00,true
DEV-00227,manual,normal,standard,SIT-00227,west-3,modernized,manual,manual,ai_assisted,2026-03-15T03:14:00,true
DEV-00228,ai_assisted,degraded,pending,SIT-00228,west-3,legacy,pending,not_enforced,pending,2026-08-01T16:48:00,false
DEV-00229,pending,pending,vendor,SIT-00229,north-1,beta,approved,vendor,high_risk,2026-04-15T01:12:00,false
DEV-00230,normal,ai_assisted,pending,SIT-00230,east-4,alpha,legacy,not_enforced,manual,2026-06-08T07:14:00,true
DEV-00231,degraded,internal,internal,SIT-00231,north-1,gamma,standard,standard,standard,2026-08-15T21:01:00,true
DEV-00232,internal,degraded,normal,SIT-00232,west-3,gamma,ai_assisted,requires_review,high_risk,2026-03-04T17:54:00,true
DEV-00233,standard,degraded,degraded,SIT-00233,north-1,alpha,legacy,ai_assisted,manual,2026-02-27T01:46:00,false
DEV-00234,legacy,manual,vendor,SIT-00234,south-2,gamma,legacy,internal,high_risk,2026-05-24T22:11:00,true
DEV-00235,rejected,not_enforced,rejected,SIT-00235,east-4,modernized,internal,degraded,rejected,2026-05-10T09:41:00,true
DEV-00236,manual,legacy,normal,SIT-00236,east-4,modernized,ai_assisted,legacy,legacy,2026-09-14T06:39:00,false
DEV-00237,high_risk,legacy,rejected,SIT-00237,east-4,legacy,high_risk,vendor,approved,2026-02-19T09:53:00,false
DEV-00238,normal,normal,pending,SIT-00238,east-4,legacy,approved,vendor,requires_review,2026-05-10T15:44:00,true
DEV-00239,pending,high_risk,normal,SIT-00239,west-3,gamma,not_enforced,high_risk,internal,2026-01-25T06:02:00,true
DEV-00240,manual,normal,degraded,SIT-00240,central-5,legacy,normal,degraded,legacy,2026-08-21T20:24:00,false
DEV-00241,requires_review,degraded,vendor,SIT-00241,north-1,gamma,ai_assisted,approved,requires_review,2026-01-15T00:08:00,true
DEV-00242,pending,degraded,internal,SIT-00242,west-3,alpha,high_risk,ai_assisted,normal,2026-06-25T18:30:00,true
DEV-00243,normal,normal,not_enforced,SIT-00243,south-2,modernized,vendor,vendor,vendor,2026-07-05T18:54:00,true
DEV-00244,standard,internal,requires_review,SIT-00244,remote-6,modernized,high_risk,vendor,high_risk,2026-01-12T18:05:00,true
DEV-00245,approved,not_enforced,pending,SIT-00245,south-2,gamma,high_risk,degraded,internal,2026-07-07T04:24:00,false
DEV-00246,pending,legacy,approved,SIT-00246,north-1,alpha,normal,approved,manual,2026-04-13T06:53:00,false
DEV-00247,normal,not_enforced,manual,SIT-00247,central-5,beta,rejected,legacy,degraded,2026-03-14T23:05:00,true
DEV-00248,approved,normal,not_enforced,SIT-00248,east-4,legacy,high_risk,high_risk,degraded,2026-09-14T17:18:00,false
DEV-00249,rejected,ai_assisted,normal,SIT-00249,west-3,modernized,degraded,pending,manual,2026-05-19T23:26:00,false
DEV-00250,approved,not_enforced,standard,SIT-00250,north-1,legacy,manual,degraded,approved,2026-07-31T23:44:00,true
DEV-00251,ai_assisted,requires_review,legacy,SIT-00251,central-5,alpha,degraded,vendor,manual,2026-04-03T10:43:00,true
DEV-00252,normal,legacy,ai_assisted,SIT-00252,central-5,alpha,vendor,approved,requires_review,2026-06-20T03:39:00,false
DEV-00253,not_enforced,requires_review,ai_assisted,SIT-00253,central-5,gamma,normal,requires_review,degraded,2026-09-16T22:00:00,true
DEV-00254,pending,approved,ai_assisted,SIT-00254,central-5,alpha,manual,legacy,high_risk,2026-04-17T05:28:00,false
DEV-00255,legacy,internal,pending,SIT-00255,north-1,beta,requires_review,rejected,internal,2026-05-27T17:14:00,false
DEV-00256,manual,normal,legacy,SIT-00256,north-1,gamma,approved,high_risk,not_enforced,2026-04-14T11:52:00,false
DEV-00257,degraded,approved,rejected,SIT-00257,south-2,legacy,degraded,legacy,approved,2026-04-20T00:15:00,false
DEV-00258,pending,ai_assisted,standard,SIT-00258,central-5,modernized,manual,rejected,high_risk,2026-03-07T08:07:00,true
DEV-00259,ai_assisted,rejected,not_enforced,SIT-00259,remote-6,modernized,not_enforced,internal,ai_assisted,2026-07-18T23:52:00,false
DEV-00260,normal,requires_review,rejected,SIT-00260,central-5,gamma,approved,requires_review,approved,2026-03-19T16:00:00,true
DEV-00261,high_risk,vendor,degraded,SIT-00261,remote-6,beta,approved,normal,vendor,2026-07-12T18:33:00,true
DEV-00262,internal,normal,approved,SIT-00262,central-5,modernized,approved,standard,standard,2026-01-09T10:56:00,true
DEV-00263,standard,not_enforced,approved,SIT-00263,north-1,modernized,high_risk,legacy,internal,2026-05-08T17:09:00,true
DEV-00264,degraded,pending,manual,SIT-00264,north-1,legacy,standard,rejected,rejected,2026-08-16T12:14:00,true
DEV-00265,legacy,high_risk,legacy,SIT-00265,north-1,beta,standard,legacy,degraded,2026-02-04T00:26:00,true
DEV-00266,approved,ai_assisted,legacy,SIT-00266,remote-6,gamma,requires_review,standard,rejected,2026-06-08T16:22:00,true
DEV-00267,requires_review,standard,legacy,SIT-00267,north-1,modernized,pending,ai_assisted,high_risk,2026-02-06T02:14:00,false
DEV-00268,legacy,vendor,requires_review,SIT-00268,north-1,legacy,high_risk,normal,pending,2026-02-28T17:19:00,true
DEV-00269,rejected,requires_review,not_enforced,SIT-00269,north-1,modernized,standard,rejected,normal,2026-03-01T06:04:00,false
DEV-00270,normal,approved,not_enforced,SIT-00270,remote-6,legacy,vendor,requires_review,approved,2026-02-21T03:55:00,true
DEV-00271,requires_review,vendor,requires_review,SIT-00271,east-4,beta,normal,rejected,approved,2026-05-23T14:44:00,true
DEV-00272,internal,requires_review,ai_assisted,SIT-00272,north-1,legacy,requires_review,internal,high_risk,2026-08-07T16:29:00,true
DEV-00273,legacy,pending,requires_review,SIT-00273,east-4,modernized,approved,degraded,manual,2026-01-30T08:58:00,false
DEV-00274,pending,manual,legacy,SIT-00274,west-3,gamma,legacy,not_enforced,high_risk,2026-05-31T01:21:00,false
DEV-00275,degraded,standard,pending,SIT-00275,east-4,gamma,ai_assisted,internal,legacy,2026-03-27T10:21:00,false
DEV-00276,high_risk,normal,not_enforced,SIT-00276,south-2,gamma,not_enforced,internal,ai_assisted,2026-06-21T02:43:00,true
DEV-00277,pending,approved,not_enforced,SIT-00277,south-2,beta,approved,not_enforced,requires_review,2026-06-12T09:37:00,true
DEV-00278,internal,internal,degraded,SIT-00278,central-5,modernized,pending,manual,approved,2026-02-05T07:43:00,false
DEV-00279,pending,pending,internal,SIT-00279,remote-6,legacy,ai_assisted,internal,requires_review,2026-03-18T18:43:00,false
DEV-00280,not_enforced,high_risk,degraded,SIT-00280,west-3,alpha,pending,rejected,standard,2026-01-05T05:01:00,true
DEV-00281,degraded,internal,internal,SIT-00281,central-5,alpha,vendor,pending,ai_assisted,2026-06-02T18:28:00,false
DEV-00282,requires_review,internal,pending,SIT-00282,north-1,alpha,manual,requires_review,degraded,2026-06-13T15:22:00,false
DEV-00283,approved,high_risk,vendor,SIT-00283,north-1,modernized,internal,degraded,high_risk,2026-03-09T02:01:00,true
DEV-00284,degraded,not_enforced,high_risk,SIT-00284,central-5,legacy,standard,rejected,normal,2026-07-01T07:16:00,true
DEV-00285,approved,approved,legacy,SIT-00285,north-1,gamma,standard,vendor,rejected,2026-02-18T14:05:00,false
DEV-00286,ai_assisted,not_enforced,approved,SIT-00286,remote-6,gamma,manual,degraded,degraded,2026-05-07T16:46:00,false
DEV-00287,legacy,requires_review,vendor,SIT-00287,west-3,legacy,internal,legacy,high_risk,2026-05-14T08:47:00,true
DEV-00288,pending,ai_assisted,vendor,SIT-00288,north-1,gamma,rejected,requires_review,legacy,2026-01-16T17:24:00,true
DEV-00289,standard,pending,manual,SIT-00289,south-2,modernized,normal,not_enforced,rejected,2026-02-05T17:22:00,true
DEV-00290,approved,degraded,high_risk,SIT-00290,east-4,alpha,internal,approved,manual,2026-07-06T20:37:00,false
DEV-00291,standard,internal,high_risk,SIT-00291,central-5,gamma,degraded,internal,legacy,2026-02-06T22:39:00,false
DEV-00292,degraded,manual,standard,SIT-00292,central-5,legacy,standard,manual,pending,2026-08-24T10:09:00,false
DEV-00293,internal,high_risk,rejected,SIT-00293,east-4,gamma,ai_assisted,not_enforced,degraded,2026-07-18T07:09:00,false
DEV-00294,normal,not_enforced,requires_review,SIT-00294,west-3,modernized,legacy,internal,degraded,2026-08-17T11:38:00,false
DEV-00295,legacy,legacy,approved,SIT-00295,central-5,beta,approved,degraded,ai_assisted,2026-08-19T00:45:00,true
DEV-00296,degraded,ai_assisted,internal,SIT-00296,south-2,beta,normal,degraded,requires_review,2026-01-11T13:20:00,true
DEV-00297,normal,not_enforced,manual,SIT-00297,remote-6,gamma,rejected,requires_review,standard,2026-03-12T15:00:00,true
DEV-00298,standard,high_risk,degraded,SIT-00298,central-5,modernized,requires_review,vendor,manual,2026-01-15T18:52:00,false
DEV-00299,degraded,approved,degraded,SIT-00299,central-5,beta,degraded,standard,ai_assisted,2026-05-09T11:16:00,false
DEV-00300,pending,not_enforced,internal,SIT-00300,central-5,legacy,ai_assisted,not_enforced,normal,2026-04-21T06:36:00,false
DEV-00301,manual,legacy,pending,SIT-00301,south-2,alpha,internal,standard,approved,2026-09-15T20:30:00,true
DEV-00302,not_enforced,internal,approved,SIT-00302,central-5,beta,approved,pending,internal,2026-05-07T16:58:00,true
DEV-00303,ai_assisted,degraded,degraded,SIT-00303,north-1,gamma,manual,approved,pending,2026-08-31T01:06:00,false
DEV-00304,high_risk,normal,vendor,SIT-00304,east-4,alpha,approved,standard,not_enforced,2026-03-03T20:45:00,false
DEV-00305,degraded,not_enforced,normal,SIT-00305,central-5,alpha,degraded,pending,normal,2026-01-13T06:17:00,false
DEV-00306,degraded,high_risk,standard,SIT-00306,east-4,gamma,pending,legacy,normal,2026-02-18T12:00:00,true
DEV-00307,manual,ai_assisted,manual,SIT-00307,east-4,gamma,legacy,legacy,internal,2026-09-04T03:34:00,false
DEV-00308,requires_review,manual,normal,SIT-00308,east-4,beta,not_enforced,requires_review,legacy,2026-03-05T20:20:00,true
DEV-00309,legacy,requires_review,not_enforced,SIT-00309,west-3,gamma,vendor,manual,internal,2026-04-28T19:07:00,false
DEV-00310,degraded,approved,degraded,SIT-00310,central-5,modernized,legacy,pending,pending,2026-01-07T00:54:00,true
DEV-00311,standard,approved,high_risk,SIT-00311,south-2,modernized,degraded,approved,vendor,2026-09-17T09:45:00,true
DEV-00312,standard,vendor,ai_assisted,SIT-00312,remote-6,modernized,not_enforced,ai_assisted,ai_assisted,2026-08-31T19:01:00,true
DEV-00313,manual,manual,degraded,SIT-00313,east-4,alpha,legacy,standard,vendor,2026-04-24T13:24:00,true
DEV-00314,high_risk,rejected,rejected,SIT-00314,remote-6,beta,approved,requires_review,high_risk,2026-08-17T16:57:00,false
DEV-00315,requires_review,normal,approved,SIT-00315,remote-6,modernized,pending,requires_review,ai_assisted,2026-07-17T14:11:00,false
DEV-00316,legacy,pending,legacy,SIT-00316,north-1,beta,not_enforced,rejected,pending,2026-01-23T12:36:00,true
DEV-00317,requires_review,approved,pending,SIT-00317,north-1,beta,vendor,degraded,normal,2026-06-16T01:48:00,false
DEV-00318,legacy,standard,degraded,SIT-00318,west-3,beta,ai_assisted,degraded,pending,2026-06-08T20:16:00,true
DEV-00319,normal,high_risk,manual,SIT-00319,west-3,modernized,rejected,not_enforced,manual,2026-05-26T19:22:00,false
DEV-00320,degraded,normal,legacy,SIT-00320,remote-6,legacy,internal,not_enforced,standard,2026-07-16T09:31:00,true
DEV-00321,requires_review,normal,standard,SIT-00321,south-2,alpha,degraded,approved,rejected,2026-04-17T02:40:00,false
DEV-00322,internal,internal,rejected,SIT-00322,south-2,alpha,internal,manual,normal,2026-07-21T22:47:00,true
DEV-00323,approved,manual,high_risk,SIT-00323,remote-6,gamma,degraded,approved,pending,2026-05-18T01:08:00,false
DEV-00324,approved,internal,standard,SIT-00324,east-4,modernized,not_enforced,standard,not_enforced,2026-05-26T19:53:00,true
DEV-00325,normal,vendor,rejected,SIT-00325,north-1,modernized,high_risk,high_risk,high_risk,2026-01-20T15:02:00,false
DEV-00326,normal,ai_assisted,degraded,SIT-00326,remote-6,gamma,requires_review,requires_review,rejected,2026-02-11T12:52:00,false
DEV-00327,vendor,not_enforced,approved,SIT-00327,south-2,alpha,requires_review,rejected,legacy,2026-08-30T17:11:00,true
DEV-00328,approved,degraded,not_enforced,SIT-00328,west-3,legacy,not_enforced,internal,normal,2026-04-22T21:32:00,false
DEV-00329,ai_assisted,manual,high_risk,SIT-00329,east-4,legacy,manual,internal,manual,2026-03-15T06:57:00,false
DEV-00330,requires_review,manual,internal,SIT-00330,east-4,alpha,ai_assisted,vendor,ai_assisted,2026-02-01T22:40:00,true
DEV-00331,ai_assisted,standard,high_risk,SIT-00331,central-5,alpha,requires_review,legacy,normal,2026-05-27T15:19:00,true
DEV-00332,high_risk,legacy,manual,SIT-00332,west-3,modernized,vendor,high_risk,rejected,2026-03-11T16:47:00,false
DEV-00333,ai_assisted,degraded,high_risk,SIT-00333,central-5,legacy,not_enforced,approved,manual,2026-09-07T18:18:00,false
DEV-00334,requires_review,vendor,internal,SIT-00334,east-4,gamma,high_risk,vendor,high_risk,2026-08-30T08:09:00,false
DEV-00335,approved,vendor,vendor,SIT-00335,west-3,gamma,rejected,approved,degraded,2026-06-29T06:23:00,false
DEV-00336,degraded,degraded,vendor,SIT-00336,east-4,legacy,vendor,not_enforced,high_risk,2026-08-13T02:43:00,true
DEV-00337,degraded,normal,rejected,SIT-00337,remote-6,beta,normal,standard,approved,2026-06-27T17:45:00,false
DEV-00338,standard,approved,high_risk,SIT-00338,remote-6,beta,ai_assisted,manual,requires_review,2026-05-29T15:48:00,true
DEV-00339,ai_assisted,approved,requires_review,SIT-00339,south-2,alpha,degraded,rejected,degraded,2026-06-08T20:17:00,true
DEV-00340,degraded,high_risk,legacy,SIT-00340,west-3,legacy,standard,rejected,approved,2026-03-05T00:45:00,false
DEV-00341,degraded,internal,vendor,SIT-00341,west-3,gamma,rejected,manual,requires_review,2026-02-04T15:39:00,true
DEV-00342,degraded,standard,ai_assisted,SIT-00342,south-2,alpha,approved,degraded,internal,2026-05-20T02:51:00,true
DEV-00343,pending,vendor,standard,SIT-00343,north-1,legacy,degraded,high_risk,not_enforced,2026-08-03T18:15:00,false
DEV-00344,vendor,high_risk,pending,SIT-00344,south-2,alpha,approved,ai_assisted,requires_review,2026-09-16T11:55:00,true
DEV-00345,high_risk,ai_assisted,internal,SIT-00345,west-3,modernized,rejected,rejected,pending,2026-07-15T08:03:00,true
DEV-00346,not_enforced,pending,legacy,SIT-00346,remote-6,modernized,high_risk,legacy,ai_assisted,2026-06-07T13:11:00,false
DEV-00347,ai_assisted,high_risk,requires_review,SIT-00347,west-3,modernized,high_risk,requires_review,not_enforced,2026-01-28T10:44:00,true
DEV-00348,ai_assisted,requires_review,degraded,SIT-00348,north-1,alpha,standard,standard,normal,2026-08-12T03:52:00,false
DEV-00349,vendor,high_risk,not_enforced,SIT-00349,south-2,modernized,standard,internal,degraded,2026-09-18T21:03:00,false
DEV-00350,rejected,normal,high_risk,SIT-00350,north-1,alpha,rejected,standard,internal,2026-08-17T00:02:00,false
DEV-00004,normal,approved,standard,SIT-00005,south-2,modernized,internal,approved,manual,2026-01-11T19:32:00,true
DEV-BAD1,,,,,,,,,,,
DEV-00013,standard,internal,internal,SIT-00013,north-1,beta,high_risk,manual,normal,1900-01-01T00:00:00,false
DEV-00019,pending,pending,degraded,SIT-00019,remote-6,legacy,pending,ai_assisted,manual,2026-04-22T03:51:00,true
