incident_id,customer_id,circuit_id,severity,status,opened_at,root_cause,automation_used,sla_breach_risk
REC-0001,CUS-00001,CIR-00001,high,queued,2026-07-18T08:55:00,ai_assisted,false,0.231
INC-00002,CUS-00002,CIR-00002,gold,closed,2026-09-05T15:33:00,manual,true,0.491
INC-00003,CUS-00003,CIR-00003,medium,manual_hold,2026-06-19T04:57:00,rejected,false,0.213
INC-00004,CUS-00004,CIR-00004,high,closed,2026-05-28T19:54:00,requires_review,false,0.594
INC-00005,CUS-00005,CIR-00005,bronze,approved,2026-08-28T23:36:00,legacy,true,0.191
INC-00006,CUS-00006,CIR-00006,gold,queued,2026-04-11T08:34:00,not_enforced,false,0.422
INC-00007,CUS-00007,CIR-00007,silver,manual_hold,2026-08-29T18:09:00,ai_assisted,false,0.46
INC-00008,CUS-00008,CIR-00008,critical,approved,2026-04-21T19:07:00,degraded,true,0.576
INC-00009,CUS-00009,CIR-00009,critical,failed,2026-08-18T04:12:00,ai_assisted,false,0.777
INC-00010,CUS-00010,CIR-00010,silver,failed,2026-09-17T16:01:00,ai_assisted,true,0.874
INC-00011,CUS-00011,CIR-00011,gold,manual_hold,2026-07-15T12:44:00,requires_review,false,0.195
INC-00012,CUS-00012,CIR-00012,high,closed,2026-04-02T15:05:00,manual,true,0.917
INC-00013,CUS-00013,CIR-00013,silver,approved,2026-03-28T13:01:00,internal,true,0.344
INC-00014,CUS-00014,CIR-00014,low,approved,2026-08-28T08:12:00,standard,true,0.92
INC-00015,CUS-00015,CIR-00015,medium,new,2026-08-27T18:24:00,standard,false,0.107
INC-00016,CUS-00016,CIR-00016,high,closed,2026-08-17T18:39:00,rejected,true,0.892
INC-00017,CUS-00017,CIR-00017,bronze,manual_hold,2026-04-09T11:05:00,rejected,true,0.653
INC-00018,CUS-00018,CIR-00018,gold,in_progress,2026-02-23T02:04:00,approved,true,0.691
INC-00019,CUS-00019,CIR-00019,medium,queued,2026-05-09T18:29:00,high_risk,false,0.04
INC-00020,CUS-00020,CIR-00020,medium,new,2026-04-10T01:44:00,normal,false,0.756
INC-00021,CUS-00021,CIR-00021,gold,queued,2026-03-27T06:27:00,requires_review,false,0.484
INC-00022,CUS-00022,CIR-00022,medium,exception,2026-06-03T11:51:00,vendor,false,0.925
INC-00023,CUS-00023,CIR-00023,low,exception,2026-04-25T06:30:00,normal,true,0.563
INC-00024,CUS-00024,CIR-00024,high,new,2026-01-27T11:41:00,degraded,true,0.87
INC-00025,CUS-00025,CIR-00025,high,new,2026-07-27T15:08:00,manual,true,0.251
INC-00026,CUS-00026,CIR-00026,bronze,queued,2026-03-20T06:00:00,requires_review,true,0.201
INC-00027,CUS-00027,CIR-00027,low,queued,2026-08-30T19:46:00,legacy,false,0.681
INC-00028,CUS-00028,CIR-00028,silver,manual_hold,2026-02-10T05:07:00,standard,true,0.504
INC-00029,CUS-00029,CIR-00029,gold,in_progress,2026-03-26T05:50:00,ai_assisted,true,0.301
INC-00030,CUS-00030,CIR-00030,high,queued,2026-06-19T02:24:00,normal,false,0.931
INC-00031,CUS-00031,CIR-00031,silver,failed,2026-06-09T15:18:00,manual,false,0.948
INC-00032,CUS-00032,CIR-00032,high,exception,2026-05-17T09:10:00,standard,false,0.674
INC-00033,CUS-00033,CIR-00033,low,queued,2026-01-23T03:17:00,requires_review,true,0.408
INC-00034,CUS-00034,CIR-00034,gold,in_progress,2026-09-17T02:04:00,vendor,true,0.317
INC-00035,CUS-00035,CIR-00035,high,new,2026-05-09T18:49:00,legacy,false,0.094
INC-00036,CUS-00036,CIR-00036,silver,manual_hold,2026-05-26T16:13:00,rejected,false,0.158
INC-00037,CUS-00037,CIR-00037,medium,in_progress,2026-03-13T03:05:00,legacy,true,0.194
INC-00038,CUS-00038,CIR-00038,bronze,exception,2026-02-03T06:51:00,internal,true,0.392
INC-00039,CUS-00039,CIR-00039,silver,closed,2026-03-07T15:57:00,ai_assisted,false,0.192
INC-00040,CUS-00040,CIR-00040,silver,new,2026-07-12T06:17:00,rejected,false,0.415
INC-00041,CUS-00041,CIR-00041,gold,in_progress,2026-02-15T18:11:00,normal,false,0.23
INC-00042,CUS-00042,CIR-00042,low,queued,2026-01-20T06:04:00,standard,false,0.769
INC-00043,CUS-00043,CIR-00043,critical,new,2026-06-06T16:48:00,requires_review,true,0.758
INC-00044,CUS-00044,CIR-00044,high,failed,2026-07-24T06:12:00,ai_assisted,false,0.823
INC-00045,CUS-00045,CIR-00045,low,closed,2026-08-04T12:30:00,requires_review,true,0.38
INC-00046,CUS-00046,CIR-00046,gold,in_progress,2026-03-14T10:39:00,approved,false,0.211
INC-00047,CUS-00047,CIR-00047,low,in_progress,2026-05-19T01:23:00,legacy,true,0.132
INC-00048,CUS-00048,CIR-00048,critical,new,2026-04-21T12:23:00,not_enforced,false,0.176
INC-00049,CUS-00049,CIR-00049,silver,failed,2026-07-19T17:47:00,ai_assisted,false,0.602
INC-00050,CUS-00050,CIR-00050,silver,in_progress,2026-08-10T04:48:00,standard,false,0.166
INC-00051,CUS-00051,CIR-00051,gold,new,2026-04-11T17:39:00,requires_review,true,0.585
INC-00052,CUS-00052,CIR-00052,medium,in_progress,2026-05-09T18:18:00,not_enforced,true,0.013
INC-00053,CUS-00053,CIR-00053,high,approved,2026-03-30T17:45:00,standard,false,0.018
INC-00054,CUS-00054,CIR-00054,critical,exception,2026-03-16T03:00:00,rejected,false,0.375
INC-00055,CUS-00055,CIR-00055,medium,exception,2026-07-24T09:26:00,not_enforced,false,0.569
INC-00056,CUS-00056,CIR-00056,high,queued,2026-02-25T08:43:00,standard,false,0.914
INC-00057,CUS-00057,CIR-00057,critical,approved,2026-05-08T16:18:00,legacy,false,0.303
INC-00058,CUS-00058,CIR-00058,low,manual_hold,2026-03-18T00:49:00,high_risk,false,0.319
INC-00059,CUS-00059,CIR-00059,bronze,manual_hold,2026-07-08T08:31:00,ai_assisted,false,0.94
INC-00060,CUS-00060,CIR-00060,bronze,failed,2026-05-01T01:28:00,pending,false,0.351
INC-00061,CUS-00061,CIR-00061,silver,in_progress,2026-05-26T01:20:00,requires_review,false,0.091
INC-00062,CUS-00062,CIR-00062,low,in_progress,2026-08-24T18:30:00,high_risk,false,0.497
INC-00063,CUS-00063,CIR-00063,medium,manual_hold,2026-04-20T22:19:00,approved,true,0.351
INC-00064,CUS-00064,CIR-00064,bronze,new,2026-08-17T19:13:00,pending,true,0.331
INC-00065,CUS-00065,CIR-00065,bronze,exception,2026-02-05T20:25:00,normal,false,0.015
INC-00066,CUS-00066,CIR-00066,silver,manual_hold,2026-06-04T13:29:00,normal,true,0.932
INC-00067,CUS-00067,CIR-00067,silver,queued,2026-04-23T10:35:00,standard,true,0.828
INC-00068,CUS-00068,CIR-00068,gold,closed,2026-08-07T04:44:00,normal,false,0.674
INC-00069,CUS-00069,CIR-00069,high,in_progress,2026-04-27T11:06:00,high_risk,true,0.366
INC-00070,CUS-00070,CIR-00070,low,exception,2026-09-20T09:38:00,standard,true,0.632
INC-00071,CUS-00071,CIR-00071,high,queued,2026-02-05T02:32:00,legacy,true,0.146
INC-00072,CUS-00072,CIR-00072,critical,approved,2026-06-10T00:34:00,ai_assisted,false,0.531
INC-00073,CUS-00073,CIR-00073,medium,in_progress,2026-07-03T20:22:00,degraded,false,0.167
INC-00074,CUS-00074,CIR-00074,medium,closed,2026-06-06T03:01:00,ai_assisted,true,0.522
INC-00075,CUS-00075,CIR-00075,high,exception,2026-08-19T03:35:00,high_risk,false,0.056
INC-00076,CUS-00076,CIR-00076,medium,exception,2026-07-17T08:43:00,legacy,false,0.787
INC-00077,CUS-00077,CIR-00077,bronze,closed,2026-05-27T09:43:00,high_risk,false,0.423
INC-00078,CUS-00078,CIR-00078,medium,approved,2026-04-11T00:44:00,ai_assisted,false,0.394
INC-00079,CUS-00079,CIR-00079,critical,queued,2026-08-15T03:35:00,approved,false,0.592
INC-00080,CUS-00080,CIR-00080,silver,closed,2026-04-22T06:37:00,ai_assisted,false,0.493
INC-00081,CUS-00081,CIR-00081,critical,approved,2026-09-01T18:37:00,not_enforced,false,0.77
INC-00082,CUS-00082,CIR-00082,gold,approved,2026-04-06T01:56:00,high_risk,true,0.35
INC-00083,CUS-00083,CIR-00083,high,approved,2026-05-24T23:43:00,ai_assisted,false,0.191
INC-00084,CUS-00084,CIR-00084,bronze,queued,2026-06-21T23:11:00,manual,false,0.677
INC-00085,CUS-00085,CIR-00085,silver,new,2026-03-15T14:44:00,requires_review,true,0.228
INC-00086,CUS-00086,CIR-00086,gold,approved,2026-03-30T02:01:00,requires_review,false,0.648
INC-00087,CUS-00087,CIR-00087,gold,queued,2026-02-11T14:09:00,ai_assisted,false,0.36
INC-00088,CUS-00088,CIR-00088,high,new,2026-04-26T02:42:00,degraded,true,0.462
INC-00089,CUS-00089,CIR-00089,low,failed,2026-01-23T01:24:00,internal,true,0.981
INC-00090,CUS-00090,CIR-00090,medium,exception,2026-02-01T12:33:00,manual,false,0.943
INC-00091,CUS-00091,CIR-00091,bronze,queued,2026-03-28T10:37:00,pending,true,0.004
INC-00092,CUS-00092,CIR-00092,silver,new,2026-04-21T06:27:00,not_enforced,true,0.986
INC-00093,CUS-00093,CIR-00093,bronze,manual_hold,2026-03-14T07:20:00,pending,true,0.334
INC-00094,CUS-00094,CIR-00094,silver,queued,2026-06-15T13:03:00,rejected,false,0.626
INC-00095,CUS-00095,CIR-00095,bronze,manual_hold,2026-03-31T18:39:00,normal,true,0.219
INC-00096,CUS-00096,CIR-00096,low,closed,2026-08-08T00:51:00,legacy,true,0.347
INC-00097,CUS-00097,CIR-00097,low,closed,2026-07-07T14:54:00,manual,false,0.265
INC-00098,CUS-00098,CIR-00098,critical,new,2026-08-25T10:25:00,ai_assisted,false,0.339
INC-00099,CUS-00099,CIR-00099,bronze,new,2026-06-28T20:28:00,standard,true,0.538
INC-00100,CUS-00100,CIR-00100,medium,failed,2026-07-14T05:09:00,normal,false,0.629
INC-00101,CUS-00101,CIR-00101,medium,exception,2026-02-03T03:47:00,not_enforced,true,0.877
INC-00102,CUS-00102,CIR-00102,medium,manual_hold,2026-07-11T02:32:00,degraded,true,0.32
INC-00103,CUS-00103,CIR-00103,low,approved,2026-04-19T19:38:00,legacy,true,0.179
INC-00104,CUS-00104,CIR-00104,medium,closed,2026-07-04T01:32:00,pending,true,0.13
INC-00105,CUS-00105,CIR-00105,high,in_progress,2026-05-09T18:25:00,manual,true,0.772
INC-00106,CUS-00106,CIR-00106,medium,approved,2026-01-20T09:43:00,approved,false,0.806
INC-00107,CUS-00107,CIR-00107,bronze,new,2026-07-08T20:36:00,vendor,false,0.854
INC-00108,CUS-00108,CIR-00108,gold,manual_hold,2026-07-01T16:59:00,not_enforced,true,0.636
INC-00109,CUS-00109,CIR-00109,low,failed,2026-07-24T08:01:00,approved,true,0.595
INC-00110,CUS-00110,CIR-00110,silver,in_progress,2026-08-14T03:43:00,approved,true,0.622
INC-00111,CUS-00111,CIR-00111,silver,queued,2026-07-13T21:01:00,degraded,false,0.351
INC-00112,CUS-00112,CIR-00112,silver,approved,2026-06-18T21:56:00,degraded,false,0.941
INC-00113,CUS-00113,CIR-00113,low,failed,2026-04-05T16:19:00,approved,false,0.601
INC-00114,CUS-00114,CIR-00114,bronze,in_progress,2026-08-18T22:56:00,normal,true,0.198
INC-00115,CUS-00115,CIR-00115,high,exception,2026-01-08T20:11:00,legacy,false,0.664
INC-00116,CUS-00116,CIR-00116,gold,closed,2026-01-03T13:44:00,pending,false,0.868
INC-00117,CUS-00117,CIR-00117,medium,failed,2026-04-11T05:24:00,ai_assisted,false,0.46
INC-00118,CUS-00118,CIR-00118,gold,manual_hold,2026-05-01T16:24:00,high_risk,true,0.937
INC-00119,CUS-00119,CIR-00119,silver,queued,2026-08-24T08:11:00,ai_assisted,false,0.332
INC-00120,CUS-00120,CIR-00120,critical,in_progress,2026-04-18T09:04:00,standard,true,0.374
INC-00121,CUS-00121,CIR-00121,low,in_progress,2026-01-28T05:03:00,ai_assisted,false,0.848
INC-00122,CUS-00122,CIR-00122,high,queued,2026-01-05T21:35:00,normal,true,0.968
INC-00123,CUS-00123,CIR-00123,gold,exception,2026-07-05T20:00:00,standard,false,0.147
INC-00124,CUS-00124,CIR-00124,high,approved,2026-01-16T08:23:00,pending,true,0.791
INC-00125,CUS-00125,CIR-00125,gold,closed,2026-06-05T06:48:00,rejected,false,0.363
INC-00126,CUS-00126,CIR-00126,critical,failed,2026-06-02T16:26:00,rejected,true,0.203
INC-00127,CUS-00127,CIR-00127,high,new,2026-04-25T23:54:00,degraded,true,0.447
INC-00128,CUS-00128,CIR-00128,high,approved,2026-04-14T01:41:00,internal,false,0.891
INC-00129,CUS-00129,CIR-00129,medium,closed,2026-08-09T19:40:00,requires_review,false,0.011
INC-00130,CUS-00130,CIR-00130,silver,manual_hold,2026-03-13T02:14:00,high_risk,false,0.644
INC-00131,CUS-00131,CIR-00131,gold,exception,2026-04-21T14:47:00,requires_review,false,0.941
INC-00132,CUS-00132,CIR-00132,silver,new,2026-08-04T15:31:00,vendor,true,0.908
INC-00133,CUS-00133,CIR-00133,critical,approved,2026-03-13T17:06:00,normal,true,0.202
INC-00134,CUS-00134,CIR-00134,low,new,2026-05-05T11:49:00,requires_review,true,0.19
INC-00135,CUS-00135,CIR-00135,gold,manual_hold,2026-09-01T04:35:00,manual,true,0.764
INC-00136,CUS-00136,CIR-00136,silver,manual_hold,2026-02-16T00:48:00,not_enforced,false,0.301
INC-00137,CUS-00137,CIR-00137,medium,approved,2026-06-18T16:16:00,normal,true,0.741
INC-00138,CUS-00138,CIR-00138,bronze,manual_hold,2026-01-12T17:42:00,approved,false,0.822
INC-00139,CUS-00139,CIR-00139,low,new,2026-07-09T09:10:00,internal,true,0.571
INC-00140,CUS-00140,CIR-00140,high,approved,2026-08-10T20:48:00,standard,true,0.696
INC-00141,CUS-00141,CIR-00141,high,approved,2026-06-11T17:46:00,not_enforced,true,0.057
INC-00142,CUS-00142,CIR-00142,low,manual_hold,2026-01-11T11:16:00,standard,false,0.465
INC-00143,CUS-00143,CIR-00143,high,in_progress,2026-03-10T11:35:00,legacy,false,0.332
INC-00144,CUS-00144,CIR-00144,medium,new,2026-02-22T23:40:00,rejected,true,0.024
INC-00145,CUS-00145,CIR-00145,low,exception,2026-04-27T16:27:00,internal,true,0.966
INC-00146,CUS-00146,CIR-00146,bronze,queued,2026-02-04T14:05:00,rejected,false,0.225
INC-00147,CUS-00147,CIR-00147,low,in_progress,2026-01-09T16:13:00,requires_review,true,0.05
INC-00148,CUS-00148,CIR-00148,low,in_progress,2026-04-27T20:53:00,high_risk,false,0.165
INC-00149,CUS-00149,CIR-00149,medium,in_progress,2026-06-17T15:25:00,ai_assisted,false,0.282
INC-00150,CUS-00150,CIR-00150,medium,manual_hold,2026-08-30T00:50:00,ai_assisted,false,0.411
INC-00151,CUS-00151,CIR-00151,bronze,queued,2026-01-09T16:36:00,ai_assisted,false,0.608
INC-00152,CUS-00152,CIR-00152,low,queued,2026-02-04T09:27:00,standard,true,0.653
INC-00153,CUS-00153,CIR-00153,bronze,new,2026-01-17T05:37:00,pending,true,0.547
INC-00154,CUS-00154,CIR-00154,bronze,failed,2026-02-03T20:17:00,degraded,false,0.948
INC-00155,CUS-00155,CIR-00155,high,exception,2026-08-11T00:22:00,high_risk,false,0.46
INC-00156,CUS-00156,CIR-00156,gold,exception,2026-07-20T03:11:00,legacy,true,0.76
INC-00157,CUS-00157,CIR-00157,medium,new,2026-03-16T13:12:00,manual,false,0.698
INC-00158,CUS-00158,CIR-00158,silver,manual_hold,2026-07-22T07:02:00,high_risk,true,0.877
INC-00159,CUS-00159,CIR-00159,bronze,closed,2026-02-01T13:22:00,requires_review,true,0.491
INC-00160,CUS-00160,CIR-00160,medium,queued,2026-02-15T04:22:00,manual,true,0.632
INC-00161,CUS-00161,CIR-00161,low,failed,2026-08-18T16:47:00,manual,false,0.794
INC-00162,CUS-00162,CIR-00162,critical,approved,2026-07-20T07:36:00,ai_assisted,false,0.75
INC-00163,CUS-00163,CIR-00163,bronze,exception,2026-06-15T05:12:00,degraded,false,0.843
INC-00164,CUS-00164,CIR-00164,bronze,in_progress,2026-04-07T03:19:00,requires_review,true,0.803
INC-00165,CUS-00165,CIR-00165,medium,in_progress,2026-07-19T18:40:00,vendor,false,0.448
INC-00166,CUS-00166,CIR-00166,critical,exception,2026-07-27T00:12:00,legacy,true,0.474
INC-00167,CUS-00167,CIR-00167,bronze,queued,2026-09-11T14:48:00,ai_assisted,false,0.509
INC-00168,CUS-00168,CIR-00168,medium,manual_hold,2026-06-14T06:03:00,legacy,true,0.255
INC-00169,CUS-00169,CIR-00169,critical,failed,2026-06-17T19:00:00,degraded,false,0.381
INC-00170,CUS-00170,CIR-00170,medium,in_progress,2026-02-14T05:04:00,legacy,false,0.039
INC-00171,CUS-00171,CIR-00171,silver,exception,2026-07-08T10:33:00,degraded,true,0.45
INC-00172,CUS-00172,CIR-00172,low,manual_hold,2026-04-20T10:21:00,manual,false,0.64
INC-00173,CUS-00173,CIR-00173,bronze,failed,2026-07-24T08:31:00,degraded,true,0.348
INC-00174,CUS-00174,CIR-00174,gold,failed,2026-04-17T03:40:00,approved,false,0.448
INC-00175,CUS-00175,CIR-00175,silver,in_progress,2026-02-15T13:17:00,standard,true,0.757
INC-00176,CUS-00176,CIR-00176,bronze,new,2026-04-16T17:15:00,pending,true,0.892
INC-00177,CUS-00177,CIR-00177,low,new,2026-03-30T17:12:00,legacy,false,0.826
INC-00178,CUS-00178,CIR-00178,bronze,closed,2026-06-20T23:01:00,pending,true,0.019
INC-00179,CUS-00179,CIR-00179,low,failed,2026-09-10T04:12:00,manual,true,0.159
INC-00180,CUS-00180,CIR-00180,low,closed,2026-06-18T18:52:00,requires_review,true,0.003
INC-00181,CUS-00181,CIR-00181,bronze,exception,2026-04-03T03:50:00,standard,true,0.23
INC-00182,CUS-00182,CIR-00182,medium,queued,2026-01-16T03:45:00,internal,true,0.037
INC-00183,CUS-00183,CIR-00183,high,queued,2026-03-31T18:09:00,internal,true,0.709
INC-00184,CUS-00184,CIR-00184,medium,failed,2026-07-11T09:28:00,standard,true,0.536
INC-00185,CUS-00185,CIR-00185,low,failed,2026-03-05T04:07:00,degraded,false,0.142
INC-00186,CUS-00186,CIR-00186,high,exception,2026-07-04T20:36:00,vendor,false,0.14
INC-00187,CUS-00187,CIR-00187,high,exception,2026-07-19T22:15:00,high_risk,true,0.261
INC-00188,CUS-00188,CIR-00188,critical,failed,2026-08-19T03:35:00,manual,false,0.128
INC-00189,CUS-00189,CIR-00189,critical,approved,2026-02-01T22:08:00,standard,false,0.355
INC-00190,CUS-00190,CIR-00190,silver,manual_hold,2026-09-16T15:04:00,manual,true,0.857
INC-00191,CUS-00191,CIR-00191,bronze,new,2026-08-18T01:33:00,high_risk,true,0.863
INC-00192,CUS-00192,CIR-00192,medium,queued,2026-07-20T04:06:00,high_risk,false,0.823
INC-00193,CUS-00193,CIR-00193,high,queued,2026-07-26T16:22:00,not_enforced,false,0.233
INC-00194,CUS-00194,CIR-00194,critical,manual_hold,2026-03-24T03:26:00,normal,true,0.264
INC-00195,CUS-00195,CIR-00195,gold,in_progress,2026-01-01T17:16:00,legacy,false,0.236
INC-00196,CUS-00196,CIR-00196,high,in_progress,2026-03-03T22:37:00,ai_assisted,false,0.507
INC-00197,CUS-00197,CIR-00197,critical,manual_hold,2026-01-10T07:35:00,normal,true,0.462
INC-00198,CUS-00198,CIR-00198,gold,closed,2026-04-24T07:11:00,requires_review,true,0.87
INC-00199,CUS-00199,CIR-00199,low,approved,2026-03-18T09:14:00,manual,false,0.325
INC-00200,CUS-00200,CIR-00200,low,queued,2026-07-25T17:11:00,degraded,true,0.778
INC-00201,CUS-00201,CIR-00201,low,in_progress,2026-07-01T16:03:00,normal,true,0.484
INC-00202,CUS-00202,CIR-00202,high,queued,2026-05-28T00:08:00,requires_review,false,0.037
INC-00203,CUS-00203,CIR-00203,critical,failed,2026-07-20T19:09:00,manual,false,0.511
INC-00204,CUS-00204,CIR-00204,critical,failed,2026-04-07T11:11:00,pending,false,0.706
INC-00205,CUS-00205,CIR-00205,low,closed,2026-03-26T15:27:00,vendor,false,0.987
INC-00206,CUS-00206,CIR-00206,silver,new,2026-08-25T18:01:00,rejected,true,0.622
INC-00207,CUS-00207,CIR-00207,bronze,manual_hold,2026-08-03T21:43:00,manual,true,0.943
INC-00208,CUS-00208,CIR-00208,high,queued,2026-06-30T13:21:00,internal,false,0.867
INC-00209,CUS-00209,CIR-00209,gold,new,2026-06-09T10:19:00,rejected,true,0.901
INC-00210,CUS-00210,CIR-00210,gold,failed,2026-05-06T10:51:00,normal,false,0.676
INC-00211,CUS-00211,CIR-00211,medium,closed,2026-01-23T19:58:00,degraded,false,0.372
INC-00212,CUS-00212,CIR-00212,gold,manual_hold,2026-01-30T16:16:00,manual,false,0.367
INC-00213,CUS-00213,CIR-00213,low,in_progress,2026-09-08T21:26:00,approved,true,0.746
INC-00214,CUS-00214,CIR-00214,medium,closed,2026-04-06T00:30:00,approved,false,0.136
INC-00215,CUS-00215,CIR-00215,medium,exception,2026-03-30T23:01:00,legacy,true,0.843
INC-00216,CUS-00216,CIR-00216,low,manual_hold,2026-04-21T13:23:00,manual,false,0.437
INC-00217,CUS-00217,CIR-00217,silver,failed,2026-03-17T04:40:00,not_enforced,false,0.343
INC-00218,CUS-00218,CIR-00218,silver,exception,2026-08-02T07:20:00,requires_review,true,0.781
INC-00219,CUS-00219,CIR-00219,high,new,2026-07-03T04:26:00,ai_assisted,true,0.859
INC-00220,CUS-00220,CIR-00220,silver,new,2026-08-21T11:58:00,requires_review,false,0.425
INC-00221,CUS-00221,CIR-00221,critical,manual_hold,2026-03-24T07:18:00,approved,true,0.32
INC-00222,CUS-00222,CIR-00222,silver,new,2026-03-17T16:22:00,legacy,true,0.106
INC-00223,CUS-00223,CIR-00223,medium,exception,2026-02-07T09:37:00,requires_review,false,0.717
INC-00224,CUS-00224,CIR-00224,silver,approved,2026-05-29T02:43:00,vendor,false,0.501
INC-00225,CUS-00225,CIR-00225,high,manual_hold,2026-07-18T16:30:00,legacy,false,0.969
INC-00226,CUS-00226,CIR-00226,critical,failed,2026-06-07T13:22:00,standard,false,0.192
INC-00227,CUS-00227,CIR-00227,low,exception,2026-02-21T12:08:00,legacy,false,0.338
INC-00228,CUS-00228,CIR-00228,medium,closed,2026-06-10T07:38:00,vendor,false,0.712
INC-00229,CUS-00229,CIR-00229,silver,in_progress,2026-08-08T14:20:00,requires_review,false,0.702
INC-00230,CUS-00230,CIR-00230,critical,failed,2026-01-23T21:52:00,high_risk,true,0.373
INC-00231,CUS-00231,CIR-00231,high,in_progress,2026-04-13T11:14:00,vendor,false,0.853
INC-00232,CUS-00232,CIR-00232,gold,manual_hold,2026-09-20T14:58:00,degraded,true,0.934
INC-00233,CUS-00233,CIR-00233,bronze,in_progress,2026-04-13T11:53:00,normal,true,0.266
INC-00234,CUS-00234,CIR-00234,bronze,closed,2026-01-11T16:20:00,internal,false,0.497
INC-00235,CUS-00235,CIR-00235,high,exception,2026-03-24T07:29:00,not_enforced,true,0.811
INC-00236,CUS-00236,CIR-00236,critical,manual_hold,2026-09-06T07:42:00,high_risk,true,0.566
INC-00237,CUS-00237,CIR-00237,high,failed,2026-02-02T16:55:00,internal,true,0.034
INC-00238,CUS-00238,CIR-00238,silver,in_progress,2026-04-27T21:34:00,normal,true,0.235
INC-00239,CUS-00239,CIR-00239,bronze,exception,2026-05-13T00:35:00,ai_assisted,true,0.119
INC-00240,CUS-00240,CIR-00240,gold,approved,2026-06-18T23:00:00,vendor,false,0.507
INC-00241,CUS-00241,CIR-00241,high,closed,2026-01-22T22:21:00,high_risk,true,0.732
INC-00242,CUS-00242,CIR-00242,medium,in_progress,2026-06-29T18:18:00,rejected,true,0.336
INC-00243,CUS-00243,CIR-00243,silver,closed,2026-07-26T01:16:00,pending,true,0.616
INC-00244,CUS-00244,CIR-00244,low,failed,2026-09-02T12:22:00,high_risk,false,0.811
INC-00245,CUS-00245,CIR-00245,gold,manual_hold,2026-02-18T12:11:00,approved,true,0.608
INC-00246,CUS-00246,CIR-00246,critical,exception,2026-05-20T05:22:00,legacy,true,0.701
INC-00247,CUS-00247,CIR-00247,bronze,closed,2026-09-16T06:59:00,not_enforced,false,0.561
INC-00248,CUS-00248,CIR-00248,low,queued,2026-01-07T03:12:00,not_enforced,false,0.57
INC-00249,CUS-00249,CIR-00249,silver,new,2026-03-07T15:01:00,pending,false,0.444
INC-00250,CUS-00250,CIR-00250,gold,exception,2026-06-21T09:23:00,ai_assisted,true,0.137
INC-00251,CUS-00251,CIR-00251,silver,new,2026-02-25T10:54:00,requires_review,false,0.375
INC-00252,CUS-00252,CIR-00252,silver,closed,2026-08-13T13:12:00,legacy,false,0.547
INC-00253,CUS-00253,CIR-00253,silver,queued,2026-03-26T19:03:00,not_enforced,false,0.876
INC-00254,CUS-00254,CIR-00254,silver,closed,2026-06-12T08:50:00,pending,false,0.132
INC-00255,CUS-00255,CIR-00255,low,new,2026-02-25T09:50:00,rejected,true,0.312
INC-00256,CUS-00256,CIR-00256,silver,closed,2026-02-28T10:39:00,requires_review,true,0.821
INC-00257,CUS-00257,CIR-00257,gold,queued,2026-08-05T02:16:00,vendor,true,0.795
INC-00258,CUS-00258,CIR-00258,silver,manual_hold,2026-06-03T18:05:00,vendor,false,0.225
INC-00259,CUS-00259,CIR-00259,critical,failed,2026-06-26T06:58:00,not_enforced,true,0.102
INC-00260,CUS-00260,CIR-00260,silver,closed,2026-07-23T10:00:00,standard,true,0.035
INC-00261,CUS-00261,CIR-00261,high,closed,2026-04-23T10:49:00,approved,true,0.948
INC-00262,CUS-00262,CIR-00262,medium,approved,2026-01-04T20:24:00,manual,false,0.721
INC-00263,CUS-00263,CIR-00263,gold,exception,2026-03-03T21:19:00,not_enforced,true,0.395
INC-00264,CUS-00264,CIR-00264,bronze,queued,2026-09-08T01:46:00,normal,false,0.82
INC-00265,CUS-00265,CIR-00265,high,queued,2026-05-03T03:37:00,manual,false,0.104
INC-00266,CUS-00266,CIR-00266,medium,failed,2026-04-24T07:49:00,vendor,false,0.203
INC-00267,CUS-00267,CIR-00267,bronze,approved,2026-01-04T10:29:00,approved,false,0.702
INC-00268,CUS-00268,CIR-00268,low,failed,2026-08-15T17:02:00,high_risk,true,0.623
INC-00269,CUS-00269,CIR-00269,high,in_progress,2026-05-02T09:33:00,pending,false,0.69
INC-00270,CUS-00270,CIR-00270,medium,failed,2026-07-24T23:20:00,standard,false,0.164
INC-00271,CUS-00271,CIR-00271,gold,failed,2026-08-05T20:18:00,high_risk,true,0.316
INC-00272,CUS-00272,CIR-00272,medium,closed,2026-04-05T20:50:00,not_enforced,false,0.225
INC-00273,CUS-00273,CIR-00273,bronze,in_progress,2026-05-10T17:52:00,not_enforced,true,0.565
INC-00274,CUS-00274,CIR-00274,silver,in_progress,2026-01-02T00:53:00,approved,false,0.187
INC-00275,CUS-00275,CIR-00275,high,approved,2026-08-11T05:20:00,rejected,false,0.703
INC-00276,CUS-00276,CIR-00276,critical,approved,2026-09-15T13:19:00,rejected,true,0.682
INC-00277,CUS-00277,CIR-00277,silver,in_progress,2026-08-16T03:14:00,normal,true,0.644
INC-00278,CUS-00278,CIR-00278,bronze,in_progress,2026-01-28T21:31:00,legacy,true,0.69
INC-00279,CUS-00279,CIR-00279,silver,new,2026-09-10T20:24:00,vendor,true,0.925
INC-00280,CUS-00280,CIR-00280,silver,new,2026-03-22T05:16:00,requires_review,true,0.984
INC-00281,CUS-00281,CIR-00281,high,new,2026-03-03T17:44:00,pending,false,0.745
INC-00282,CUS-00282,CIR-00282,gold,manual_hold,2026-09-21T06:56:00,internal,false,0.238
INC-00283,CUS-00283,CIR-00283,bronze,queued,2026-02-01T04:33:00,approved,false,0.614
INC-00284,CUS-00284,CIR-00284,critical,manual_hold,2026-07-31T15:39:00,ai_assisted,false,0.122
INC-00285,CUS-00285,CIR-00285,bronze,approved,2026-09-08T18:08:00,requires_review,true,0.574
INC-00286,CUS-00286,CIR-00286,high,manual_hold,2026-06-08T01:32:00,internal,false,0.387
INC-00287,CUS-00287,CIR-00287,low,new,2026-02-12T10:06:00,degraded,false,0.967
INC-00288,CUS-00288,CIR-00288,critical,exception,2026-04-18T06:52:00,high_risk,true,0.353
INC-00289,CUS-00289,CIR-00289,low,manual_hold,2026-07-17T03:36:00,requires_review,false,0.88
INC-00290,CUS-00290,CIR-00290,silver,new,2026-01-24T14:46:00,requires_review,true,0.374
INC-00291,CUS-00291,CIR-00291,critical,exception,2026-07-22T14:05:00,not_enforced,false,0.068
INC-00292,CUS-00292,CIR-00292,silver,queued,2026-09-07T22:54:00,approved,false,0.549
INC-00293,CUS-00293,CIR-00293,bronze,manual_hold,2026-06-05T04:52:00,not_enforced,false,0.98
INC-00294,CUS-00294,CIR-00294,gold,new,2026-02-14T11:32:00,requires_review,true,0.02
INC-00295,CUS-00295,CIR-00295,silver,in_progress,2026-06-25T03:45:00,manual,false,0.775
INC-00296,CUS-00296,CIR-00296,critical,exception,2026-04-14T11:37:00,high_risk,true,0.876
INC-00297,CUS-00297,CIR-00297,bronze,manual_hold,2026-08-03T23:49:00,internal,false,0.485
INC-00298,CUS-00298,CIR-00298,low,manual_hold,2026-01-12T21:16:00,degraded,true,0.368
INC-00299,CUS-00299,CIR-00299,silver,approved,2026-03-04T22:22:00,internal,true,0.875
INC-00300,CUS-00300,CIR-00300,critical,manual_hold,2026-01-01T10:56:00,approved,true,0.954
INC-00301,CUS-00301,CIR-00301,silver,new,2026-04-16T17:18:00,pending,false,0.736
INC-00302,CUS-00302,CIR-00302,high,manual_hold,2026-05-30T23:14:00,requires_review,false,0.258
INC-00303,CUS-00303,CIR-00303,low,in_progress,2026-04-18T04:47:00,degraded,false,0.483
INC-00304,CUS-00304,CIR-00304,high,approved,2026-05-05T22:32:00,high_risk,false,0.164
INC-00305,CUS-00305,CIR-00305,silver,queued,2026-04-23T23:59:00,standard,true,0.251
INC-00306,CUS-00306,CIR-00306,low,exception,2026-07-25T09:55:00,ai_assisted,true,0.557
INC-00307,CUS-00307,CIR-00307,silver,new,2026-03-03T08:20:00,manual,true,0.937
INC-00308,CUS-00308,CIR-00308,medium,in_progress,2026-03-22T21:15:00,legacy,false,0.72
INC-00309,CUS-00309,CIR-00309,high,closed,2026-08-12T06:49:00,ai_assisted,false,0.363
INC-00310,CUS-00310,CIR-00310,bronze,manual_hold,2026-01-03T20:04:00,standard,false,0.357
INC-00311,CUS-00311,CIR-00311,silver,approved,2026-03-03T16:03:00,rejected,true,0.16
INC-00312,CUS-00312,CIR-00312,high,queued,2026-06-11T03:32:00,pending,false,0.122
INC-00313,CUS-00313,CIR-00313,low,approved,2026-05-09T19:26:00,degraded,false,0.169
INC-00314,CUS-00314,CIR-00314,low,in_progress,2026-04-30T13:17:00,approved,false,0.738
INC-00315,CUS-00315,CIR-00315,medium,exception,2026-05-10T11:39:00,requires_review,false,0.318
INC-00316,CUS-00316,CIR-00316,critical,closed,2026-04-22T17:02:00,internal,true,0.005
INC-00317,CUS-00317,CIR-00317,gold,queued,2026-06-27T19:05:00,degraded,true,0.038
INC-00318,CUS-00318,CIR-00318,medium,approved,2026-03-16T10:43:00,not_enforced,true,0.753
INC-00319,CUS-00319,CIR-00319,silver,in_progress,2026-07-24T05:49:00,approved,false,0.027
INC-00320,CUS-00320,CIR-00320,low,manual_hold,2026-08-21T17:56:00,legacy,false,0.432
INC-00321,CUS-00321,CIR-00321,low,new,2026-06-30T03:50:00,high_risk,false,0.479
INC-00322,CUS-00322,CIR-00322,high,closed,2026-07-22T06:26:00,high_risk,false,0.718
INC-00323,CUS-00323,CIR-00323,high,exception,2026-03-19T05:32:00,high_risk,false,0.723
INC-00324,CUS-00324,CIR-00324,silver,approved,2026-03-05T05:33:00,legacy,true,0.526
INC-00325,CUS-00325,CIR-00325,bronze,closed,2026-07-06T03:32:00,legacy,true,0.413
INC-00326,CUS-00326,CIR-00326,silver,manual_hold,2026-08-28T02:26:00,ai_assisted,true,0.782
INC-00327,CUS-00327,CIR-00327,silver,new,2026-01-10T08:08:00,not_enforced,true,0.366
INC-00328,CUS-00328,CIR-00328,low,approved,2026-06-18T22:53:00,internal,true,0.42
INC-00329,CUS-00329,CIR-00329,silver,manual_hold,2026-08-10T22:07:00,standard,false,0.529
INC-00330,CUS-00330,CIR-00330,critical,failed,2026-08-21T16:22:00,legacy,false,0.805
INC-00331,CUS-00331,CIR-00331,bronze,queued,2026-06-04T09:35:00,ai_assisted,false,0.929
INC-00332,CUS-00332,CIR-00332,high,queued,2026-05-13T14:55:00,normal,true,0.379
INC-00333,CUS-00333,CIR-00333,high,manual_hold,2026-02-17T06:33:00,pending,true,0.522
INC-00334,CUS-00334,CIR-00334,gold,failed,2026-06-20T18:38:00,legacy,false,0.606
INC-00335,CUS-00335,CIR-00335,silver,failed,2026-07-24T03:04:00,ai_assisted,true,0.818
INC-00336,CUS-00336,CIR-00336,silver,approved,2026-01-02T16:32:00,rejected,false,0.635
INC-00337,CUS-00337,CIR-00337,bronze,in_progress,2026-07-18T07:26:00,legacy,false,0.77
INC-00338,CUS-00338,CIR-00338,low,failed,2026-08-23T00:44:00,normal,false,0.805
INC-00339,CUS-00339,CIR-00339,gold,in_progress,2026-03-10T22:37:00,approved,true,0.057
INC-00340,CUS-00340,CIR-00340,critical,queued,2026-07-25T03:25:00,not_enforced,true,0.87
INC-00341,CUS-00341,CIR-00341,high,failed,2026-06-05T07:02:00,rejected,false,0.553
INC-00342,CUS-00342,CIR-00342,bronze,failed,2026-04-06T02:48:00,approved,false,0.041
INC-00343,CUS-00343,CIR-00343,critical,new,2026-02-12T08:49:00,legacy,false,0.816
INC-00344,CUS-00344,CIR-00344,critical,manual_hold,2026-08-27T13:07:00,legacy,true,0.99
INC-00345,CUS-00345,CIR-00345,gold,exception,2026-05-07T12:37:00,legacy,false,0.512
INC-00346,CUS-00346,CIR-00346,high,exception,2026-02-27T10:24:00,degraded,true,0.393
INC-00347,CUS-00347,CIR-00347,bronze,new,2026-08-13T15:46:00,standard,true,0.568
INC-00348,CUS-00348,CIR-00348,high,in_progress,2026-08-11T18:48:00,degraded,true,0.746
INC-00349,CUS-00349,CIR-00349,low,failed,2026-03-03T20:24:00,vendor,false,0.85
INC-00350,CUS-00350,CIR-00350,low,queued,2026-04-02T15:41:00,pending,false,0.262
INC-00004,CUS-00005,CIR-00005,bronze,approved,2026-08-28T23:36:00,legacy,true,0.191
INC-BAD1,,,,,,,,
INC-00013,CUS-00013,CIR-00013,silver,approved,1900-01-01T00:00:00,internal,true,0.344
INC-00019,CUS-00019,CIR-00019,medium,queued,2026-05-09T18:29:00,high_risk,false,1.42
