order_id,customer_id,service_type,requested_bandwidth,qualification_status,provisioning_status,retry_count,rollback_status
REC-0001,CUS-00001,standard,1040.11,manual_hold,in_progress,3968,new
ORD-00002,CUS-00002,degraded,4584.13,failed,in_progress,4052,exception
ORD-00003,CUS-00003,degraded,9262.7,approved,queued,4806,queued
ORD-00004,CUS-00004,manual,1387.17,exception,failed,1810,queued
ORD-00005,CUS-00005,standard,3478.56,failed,new,1604,new
ORD-00006,CUS-00006,degraded,2866.22,new,new,3902,queued
ORD-00007,CUS-00007,legacy,5441.53,approved,new,4370,queued
ORD-00008,CUS-00008,degraded,2360.05,failed,in_progress,4033,approved
ORD-00009,CUS-00009,legacy,6729.83,new,queued,1361,queued
ORD-00010,CUS-00010,rejected,9091.13,manual_hold,exception,3997,new
ORD-00011,CUS-00011,high_risk,9311.69,exception,approved,1748,in_progress
ORD-00012,CUS-00012,legacy,9959.13,approved,failed,587,approved
ORD-00013,CUS-00013,approved,7310.4,failed,in_progress,3061,manual_hold
ORD-00014,CUS-00014,high_risk,2523.31,approved,closed,4060,failed
ORD-00015,CUS-00015,not_enforced,945.66,exception,in_progress,4935,queued
ORD-00016,CUS-00016,degraded,9133.23,exception,new,2017,approved
ORD-00017,CUS-00017,high_risk,7969.6,manual_hold,queued,1899,in_progress
ORD-00018,CUS-00018,rejected,765.72,new,failed,648,approved
ORD-00019,CUS-00019,not_enforced,6115.03,manual_hold,manual_hold,3246,closed
ORD-00020,CUS-00020,vendor,2826.27,new,exception,3442,queued
ORD-00021,CUS-00021,normal,6731.84,closed,queued,2232,new
ORD-00022,CUS-00022,internal,8712.57,approved,failed,4608,in_progress
ORD-00023,CUS-00023,requires_review,9957.13,queued,closed,4202,queued
ORD-00024,CUS-00024,approved,4989.02,manual_hold,queued,2884,failed
ORD-00025,CUS-00025,rejected,9417.4,approved,in_progress,3488,closed
ORD-00026,CUS-00026,vendor,4613.03,in_progress,queued,2628,closed
ORD-00027,CUS-00027,degraded,9244.46,queued,in_progress,2495,failed
ORD-00028,CUS-00028,normal,4920.61,approved,approved,3183,in_progress
ORD-00029,CUS-00029,not_enforced,6146.63,in_progress,approved,1417,approved
ORD-00030,CUS-00030,rejected,6385.61,in_progress,approved,3989,exception
ORD-00031,CUS-00031,pending,3386.12,approved,exception,2623,new
ORD-00032,CUS-00032,ai_assisted,7421.31,failed,closed,4832,closed
ORD-00033,CUS-00033,not_enforced,5684.92,new,approved,1014,approved
ORD-00034,CUS-00034,rejected,157.24,closed,queued,4721,exception
ORD-00035,CUS-00035,high_risk,1590.33,exception,queued,3237,in_progress
ORD-00036,CUS-00036,normal,7862.65,manual_hold,closed,4733,new
ORD-00037,CUS-00037,requires_review,4147.97,closed,manual_hold,1035,failed
ORD-00038,CUS-00038,vendor,1799.56,failed,approved,4428,approved
ORD-00039,CUS-00039,standard,5198.3,closed,manual_hold,3722,closed
ORD-00040,CUS-00040,ai_assisted,6486.95,closed,manual_hold,3584,closed
ORD-00041,CUS-00041,legacy,1277.43,exception,in_progress,4398,exception
ORD-00042,CUS-00042,standard,5106.15,new,queued,2116,exception
ORD-00043,CUS-00043,pending,9298.8,new,closed,456,queued
ORD-00044,CUS-00044,requires_review,9117.76,exception,in_progress,3597,new
ORD-00045,CUS-00045,high_risk,9463.3,manual_hold,new,2736,manual_hold
ORD-00046,CUS-00046,manual,6948.3,queued,exception,3025,in_progress
ORD-00047,CUS-00047,vendor,9012.93,new,closed,4215,approved
ORD-00048,CUS-00048,pending,8837.6,manual_hold,closed,1357,new
ORD-00049,CUS-00049,vendor,1242.54,in_progress,in_progress,1724,in_progress
ORD-00050,CUS-00050,requires_review,7272.5,queued,manual_hold,1821,queued
ORD-00051,CUS-00051,standard,1308.11,in_progress,approved,1591,queued
ORD-00052,CUS-00052,not_enforced,9785.88,exception,new,2352,failed
ORD-00053,CUS-00053,standard,2298.17,approved,queued,3089,exception
ORD-00054,CUS-00054,requires_review,354.26,manual_hold,manual_hold,3721,in_progress
ORD-00055,CUS-00055,internal,135.35,new,queued,2073,manual_hold
ORD-00056,CUS-00056,rejected,1003.97,approved,new,2367,in_progress
ORD-00057,CUS-00057,vendor,2038.63,approved,in_progress,3370,queued
ORD-00058,CUS-00058,vendor,2054.37,failed,approved,4062,failed
ORD-00059,CUS-00059,rejected,6331.03,in_progress,closed,419,closed
ORD-00060,CUS-00060,degraded,5531.92,approved,queued,4031,approved
ORD-00061,CUS-00061,legacy,6991.36,failed,closed,1008,new
ORD-00062,CUS-00062,requires_review,6911.38,queued,failed,1930,approved
ORD-00063,CUS-00063,not_enforced,5311.37,queued,failed,1174,exception
ORD-00064,CUS-00064,ai_assisted,8612.64,closed,manual_hold,2464,in_progress
ORD-00065,CUS-00065,internal,4302.21,queued,exception,4959,in_progress
ORD-00066,CUS-00066,manual,4955.25,queued,failed,4641,closed
ORD-00067,CUS-00067,vendor,1347.54,in_progress,exception,2763,approved
ORD-00068,CUS-00068,approved,2099.81,in_progress,failed,2419,exception
ORD-00069,CUS-00069,ai_assisted,6139.32,in_progress,closed,4451,approved
ORD-00070,CUS-00070,not_enforced,1169.84,in_progress,queued,1835,queued
ORD-00071,CUS-00071,internal,2413.97,in_progress,failed,941,new
ORD-00072,CUS-00072,ai_assisted,7423.18,closed,exception,32,manual_hold
ORD-00073,CUS-00073,not_enforced,696.43,manual_hold,approved,4373,failed
ORD-00074,CUS-00074,high_risk,9666.71,exception,in_progress,2345,closed
ORD-00075,CUS-00075,approved,2138.17,exception,closed,979,failed
ORD-00076,CUS-00076,manual,7636.33,closed,exception,3180,in_progress
ORD-00077,CUS-00077,standard,3148.9,new,exception,1432,exception
ORD-00078,CUS-00078,standard,332.43,closed,closed,4597,manual_hold
ORD-00079,CUS-00079,legacy,1937.78,queued,in_progress,2517,queued
ORD-00080,CUS-00080,ai_assisted,3713.68,manual_hold,manual_hold,2967,in_progress
ORD-00081,CUS-00081,not_enforced,7419.32,in_progress,queued,4893,approved
ORD-00082,CUS-00082,rejected,5443.01,manual_hold,exception,68,queued
ORD-00083,CUS-00083,standard,7900.47,exception,failed,3260,manual_hold
ORD-00084,CUS-00084,degraded,4351.66,manual_hold,manual_hold,2541,approved
ORD-00085,CUS-00085,requires_review,7456.25,queued,failed,1307,new
ORD-00086,CUS-00086,vendor,6041.65,queued,approved,4457,new
ORD-00087,CUS-00087,pending,3896.82,closed,approved,476,exception
ORD-00088,CUS-00088,ai_assisted,8614.89,approved,failed,3251,failed
ORD-00089,CUS-00089,pending,7333.57,new,failed,4119,exception
ORD-00090,CUS-00090,rejected,3648.68,failed,exception,411,failed
ORD-00091,CUS-00091,degraded,486.68,queued,approved,1620,approved
ORD-00092,CUS-00092,internal,7218.49,failed,manual_hold,4817,approved
ORD-00093,CUS-00093,internal,4573.05,approved,exception,3914,closed
ORD-00094,CUS-00094,standard,2634.04,exception,exception,935,manual_hold
ORD-00095,CUS-00095,requires_review,8880.33,approved,manual_hold,2049,closed
ORD-00096,CUS-00096,rejected,9317.24,exception,closed,4560,queued
ORD-00097,CUS-00097,requires_review,7785.75,closed,approved,2936,new
ORD-00098,CUS-00098,normal,9199.7,manual_hold,new,1897,failed
ORD-00099,CUS-00099,normal,7298.87,manual_hold,in_progress,1924,queued
ORD-00100,CUS-00100,standard,3121.06,manual_hold,manual_hold,4856,new
ORD-00101,CUS-00101,approved,1584.71,closed,closed,4681,queued
ORD-00102,CUS-00102,degraded,7380.54,queued,approved,1871,failed
ORD-00103,CUS-00103,manual,9844.95,in_progress,manual_hold,909,exception
ORD-00104,CUS-00104,pending,2281.93,manual_hold,queued,3985,closed
ORD-00105,CUS-00105,vendor,8122.12,manual_hold,exception,919,new
ORD-00106,CUS-00106,legacy,6621.54,approved,queued,3730,queued
ORD-00107,CUS-00107,approved,3679.57,in_progress,manual_hold,3278,new
ORD-00108,CUS-00108,vendor,6954.22,closed,queued,2701,manual_hold
ORD-00109,CUS-00109,not_enforced,4002.46,queued,manual_hold,1979,new
ORD-00110,CUS-00110,rejected,2976.23,exception,exception,138,queued
ORD-00111,CUS-00111,ai_assisted,4080.56,queued,manual_hold,3541,queued
ORD-00112,CUS-00112,ai_assisted,3339.94,exception,new,4630,in_progress
ORD-00113,CUS-00113,ai_assisted,8424.46,in_progress,failed,3669,closed
ORD-00114,CUS-00114,vendor,3810.19,exception,new,775,manual_hold
ORD-00115,CUS-00115,manual,460.53,closed,queued,3295,exception
ORD-00116,CUS-00116,degraded,1362.34,closed,exception,364,new
ORD-00117,CUS-00117,manual,5036.46,in_progress,approved,2528,manual_hold
ORD-00118,CUS-00118,not_enforced,4328.46,in_progress,exception,1078,approved
ORD-00119,CUS-00119,degraded,1199.55,exception,manual_hold,4775,in_progress
ORD-00120,CUS-00120,standard,6284.79,failed,new,2538,exception
ORD-00121,CUS-00121,rejected,3860.26,new,approved,4995,exception
ORD-00122,CUS-00122,high_risk,2536.57,approved,in_progress,731,failed
ORD-00123,CUS-00123,rejected,371.26,exception,new,599,in_progress
ORD-00124,CUS-00124,vendor,5500.28,queued,in_progress,4014,closed
ORD-00125,CUS-00125,requires_review,9083.41,new,exception,1611,manual_hold
ORD-00126,CUS-00126,rejected,2234.33,failed,manual_hold,3964,approved
ORD-00127,CUS-00127,ai_assisted,5550.98,approved,in_progress,539,manual_hold
ORD-00128,CUS-00128,requires_review,3078.1,exception,failed,3666,exception
ORD-00129,CUS-00129,ai_assisted,7303.66,approved,queued,3867,queued
ORD-00130,CUS-00130,rejected,9160.06,queued,in_progress,4951,exception
ORD-00131,CUS-00131,high_risk,5958.03,queued,approved,4400,failed
ORD-00132,CUS-00132,legacy,2882.66,manual_hold,approved,248,manual_hold
ORD-00133,CUS-00133,not_enforced,6141.11,new,queued,2537,approved
ORD-00134,CUS-00134,ai_assisted,9813.64,failed,queued,4520,closed
ORD-00135,CUS-00135,degraded,1290.65,exception,exception,888,failed
ORD-00136,CUS-00136,degraded,471.11,approved,exception,2075,in_progress
ORD-00137,CUS-00137,standard,8666.88,in_progress,exception,1302,queued
ORD-00138,CUS-00138,rejected,6616.62,in_progress,new,4503,in_progress
ORD-00139,CUS-00139,normal,9175.96,failed,in_progress,2802,failed
ORD-00140,CUS-00140,legacy,2177.85,manual_hold,approved,4116,failed
ORD-00141,CUS-00141,high_risk,7623.08,in_progress,manual_hold,156,in_progress
ORD-00142,CUS-00142,vendor,1422.32,failed,new,3568,queued
ORD-00143,CUS-00143,legacy,8536.35,new,closed,2199,manual_hold
ORD-00144,CUS-00144,degraded,8700.7,in_progress,manual_hold,3611,queued
ORD-00145,CUS-00145,ai_assisted,514.94,closed,failed,3708,approved
ORD-00146,CUS-00146,internal,4957.22,in_progress,exception,3478,queued
ORD-00147,CUS-00147,legacy,9628.75,approved,in_progress,2465,closed
ORD-00148,CUS-00148,approved,780.21,approved,failed,3458,queued
ORD-00149,CUS-00149,high_risk,9777.62,approved,failed,4577,closed
ORD-00150,CUS-00150,internal,355.21,approved,exception,3939,in_progress
ORD-00151,CUS-00151,pending,5221.36,in_progress,in_progress,3460,approved
ORD-00152,CUS-00152,requires_review,4346.24,approved,manual_hold,4602,new
ORD-00153,CUS-00153,standard,2585.97,exception,queued,3725,in_progress
ORD-00154,CUS-00154,degraded,7025.85,new,failed,4873,manual_hold
ORD-00155,CUS-00155,internal,8925.95,exception,exception,1691,approved
ORD-00156,CUS-00156,standard,8756.91,queued,in_progress,136,in_progress
ORD-00157,CUS-00157,vendor,9968.1,manual_hold,failed,1883,in_progress
ORD-00158,CUS-00158,ai_assisted,9786.48,failed,approved,4365,new
ORD-00159,CUS-00159,not_enforced,3359.81,approved,manual_hold,4194,in_progress
ORD-00160,CUS-00160,high_risk,8900.53,manual_hold,queued,2220,failed
ORD-00161,CUS-00161,ai_assisted,6412.31,approved,exception,3165,exception
ORD-00162,CUS-00162,not_enforced,9335.77,exception,exception,771,manual_hold
ORD-00163,CUS-00163,vendor,1450.79,failed,new,4574,in_progress
ORD-00164,CUS-00164,internal,5006.37,exception,closed,4464,exception
ORD-00165,CUS-00165,not_enforced,335.1,failed,exception,3709,new
ORD-00166,CUS-00166,degraded,6588.54,manual_hold,failed,1792,approved
ORD-00167,CUS-00167,rejected,7500.91,queued,failed,3598,closed
ORD-00168,CUS-00168,standard,7817.44,queued,approved,774,approved
ORD-00169,CUS-00169,normal,9399.47,queued,in_progress,2004,approved
ORD-00170,CUS-00170,high_risk,6481.42,queued,closed,1759,queued
ORD-00171,CUS-00171,approved,9846.67,closed,approved,3526,approved
ORD-00172,CUS-00172,internal,148.97,approved,failed,2216,exception
ORD-00173,CUS-00173,approved,5351.23,manual_hold,manual_hold,2915,approved
ORD-00174,CUS-00174,internal,1738.55,new,closed,3358,failed
ORD-00175,CUS-00175,manual,9656.39,failed,queued,753,exception
ORD-00176,CUS-00176,pending,7064.45,queued,closed,1291,exception
ORD-00177,CUS-00177,high_risk,1124.02,in_progress,failed,271,manual_hold
ORD-00178,CUS-00178,standard,7776.66,queued,failed,2365,exception
ORD-00179,CUS-00179,legacy,5422.01,approved,manual_hold,1930,failed
ORD-00180,CUS-00180,standard,321.96,approved,new,1613,closed
ORD-00181,CUS-00181,not_enforced,3039.59,exception,exception,4155,approved
ORD-00182,CUS-00182,legacy,1145.69,queued,new,1716,new
ORD-00183,CUS-00183,not_enforced,1209.25,exception,approved,2558,queued
ORD-00184,CUS-00184,normal,5689.16,in_progress,manual_hold,1203,approved
ORD-00185,CUS-00185,vendor,2317.14,manual_hold,manual_hold,4845,approved
ORD-00186,CUS-00186,normal,3747.57,exception,new,1811,new
ORD-00187,CUS-00187,ai_assisted,8226.33,approved,failed,4144,approved
ORD-00188,CUS-00188,ai_assisted,9379.34,exception,approved,130,approved
ORD-00189,CUS-00189,approved,3906.16,in_progress,in_progress,933,new
ORD-00190,CUS-00190,manual,4009.32,approved,new,203,new
ORD-00191,CUS-00191,requires_review,9799.29,approved,queued,3998,failed
ORD-00192,CUS-00192,internal,8390.14,queued,exception,4427,manual_hold
ORD-00193,CUS-00193,pending,5888.82,new,closed,216,closed
ORD-00194,CUS-00194,pending,2776.83,failed,approved,2640,failed
ORD-00195,CUS-00195,not_enforced,6.07,queued,manual_hold,3283,queued
ORD-00196,CUS-00196,not_enforced,8465.11,exception,new,1741,in_progress
ORD-00197,CUS-00197,internal,8735.19,approved,approved,2860,new
ORD-00198,CUS-00198,degraded,673.52,closed,queued,1512,in_progress
ORD-00199,CUS-00199,degraded,9718.73,approved,failed,544,manual_hold
ORD-00200,CUS-00200,pending,8335.49,queued,in_progress,1368,exception
ORD-00201,CUS-00201,normal,4200.45,approved,queued,1629,approved
ORD-00202,CUS-00202,internal,9590.42,closed,new,2993,in_progress
ORD-00203,CUS-00203,internal,1862.01,manual_hold,new,3160,queued
ORD-00204,CUS-00204,vendor,9045.69,in_progress,new,1115,failed
ORD-00205,CUS-00205,legacy,9157.28,queued,in_progress,3149,failed
ORD-00206,CUS-00206,degraded,7908.36,queued,queued,1855,in_progress
ORD-00207,CUS-00207,requires_review,4089.56,queued,approved,1317,approved
ORD-00208,CUS-00208,degraded,487.31,closed,approved,288,new
ORD-00209,CUS-00209,normal,6957.15,approved,exception,4486,in_progress
ORD-00210,CUS-00210,internal,7753.89,closed,manual_hold,840,closed
ORD-00211,CUS-00211,rejected,8947.16,approved,exception,4753,in_progress
ORD-00212,CUS-00212,approved,7497.0,in_progress,approved,2865,closed
ORD-00213,CUS-00213,standard,344.48,closed,failed,3389,queued
ORD-00214,CUS-00214,rejected,5807.07,queued,in_progress,4412,queued
ORD-00215,CUS-00215,normal,9526.94,queued,exception,2048,exception
ORD-00216,CUS-00216,normal,4380.67,manual_hold,queued,4910,new
ORD-00217,CUS-00217,standard,5779.74,closed,queued,466,closed
ORD-00218,CUS-00218,manual,9982.82,manual_hold,exception,3999,manual_hold
ORD-00219,CUS-00219,not_enforced,9469.82,in_progress,manual_hold,4636,failed
ORD-00220,CUS-00220,not_enforced,4898.7,failed,new,2797,new
ORD-00221,CUS-00221,manual,3744.8,closed,in_progress,2429,closed
ORD-00222,CUS-00222,pending,2290.98,closed,queued,4972,new
ORD-00223,CUS-00223,ai_assisted,1889.12,in_progress,new,1344,queued
ORD-00224,CUS-00224,requires_review,1129.47,failed,new,428,exception
ORD-00225,CUS-00225,pending,802.86,in_progress,exception,2066,failed
ORD-00226,CUS-00226,not_enforced,9679.26,closed,manual_hold,4329,manual_hold
ORD-00227,CUS-00227,internal,225.72,queued,exception,2167,closed
ORD-00228,CUS-00228,ai_assisted,700.3,closed,failed,178,queued
ORD-00229,CUS-00229,standard,8024.94,closed,in_progress,1330,manual_hold
ORD-00230,CUS-00230,ai_assisted,4615.67,new,manual_hold,4174,in_progress
ORD-00231,CUS-00231,legacy,6775.71,new,approved,129,in_progress
ORD-00232,CUS-00232,standard,84.93,failed,manual_hold,3024,new
ORD-00233,CUS-00233,degraded,6301.85,in_progress,queued,2525,in_progress
ORD-00234,CUS-00234,legacy,5793.18,closed,failed,2574,new
ORD-00235,CUS-00235,vendor,3493.54,closed,in_progress,4972,in_progress
ORD-00236,CUS-00236,standard,8077.31,new,manual_hold,3797,exception
ORD-00237,CUS-00237,manual,6830.02,manual_hold,manual_hold,1252,manual_hold
ORD-00238,CUS-00238,internal,7373.71,closed,new,255,failed
ORD-00239,CUS-00239,vendor,3665.11,exception,new,1351,exception
ORD-00240,CUS-00240,standard,7679.69,exception,exception,4025,queued
ORD-00241,CUS-00241,rejected,7991.23,queued,in_progress,1586,queued
ORD-00242,CUS-00242,vendor,7132.05,queued,new,3974,closed
ORD-00243,CUS-00243,legacy,3252.87,new,new,3493,in_progress
ORD-00244,CUS-00244,internal,744.81,manual_hold,queued,511,failed
ORD-00245,CUS-00245,requires_review,8537.48,exception,manual_hold,3177,manual_hold
ORD-00246,CUS-00246,rejected,9831.29,approved,closed,4102,new
ORD-00247,CUS-00247,standard,6275.06,failed,in_progress,1721,queued
ORD-00248,CUS-00248,ai_assisted,8499.13,closed,new,683,closed
ORD-00249,CUS-00249,not_enforced,3253.41,manual_hold,approved,2546,new
ORD-00250,CUS-00250,rejected,3718.6,failed,approved,4138,exception
ORD-00251,CUS-00251,legacy,6390.5,approved,in_progress,2263,queued
ORD-00252,CUS-00252,manual,802.33,closed,in_progress,4110,closed
ORD-00253,CUS-00253,rejected,1214.82,failed,closed,1993,queued
ORD-00254,CUS-00254,internal,8407.6,approved,failed,2895,queued
ORD-00255,CUS-00255,not_enforced,1533.18,exception,new,256,failed
ORD-00256,CUS-00256,rejected,2032.32,in_progress,in_progress,1587,exception
ORD-00257,CUS-00257,high_risk,2258.63,closed,failed,3868,queued
ORD-00258,CUS-00258,high_risk,5567.52,closed,failed,3290,exception
ORD-00259,CUS-00259,pending,5528.85,approved,exception,3471,approved
ORD-00260,CUS-00260,vendor,7118.66,new,new,3316,manual_hold
ORD-00261,CUS-00261,high_risk,1109.43,approved,approved,4532,failed
ORD-00262,CUS-00262,degraded,8812.59,failed,closed,1803,exception
ORD-00263,CUS-00263,pending,232.87,in_progress,manual_hold,1577,closed
ORD-00264,CUS-00264,internal,4052.2,failed,closed,2354,in_progress
ORD-00265,CUS-00265,legacy,3282.86,failed,closed,2457,queued
ORD-00266,CUS-00266,standard,3705.94,approved,manual_hold,807,closed
ORD-00267,CUS-00267,normal,5773.74,manual_hold,queued,4347,closed
ORD-00268,CUS-00268,internal,1882.28,failed,exception,496,closed
ORD-00269,CUS-00269,ai_assisted,8768.59,exception,queued,4142,in_progress
ORD-00270,CUS-00270,requires_review,5454.24,queued,in_progress,2698,closed
ORD-00271,CUS-00271,manual,2489.67,manual_hold,new,2759,failed
ORD-00272,CUS-00272,pending,4933.06,manual_hold,in_progress,1578,failed
ORD-00273,CUS-00273,internal,7901.19,manual_hold,queued,2958,new
ORD-00274,CUS-00274,approved,9301.78,new,in_progress,3984,failed
ORD-00275,CUS-00275,approved,397.58,new,manual_hold,1335,approved
ORD-00276,CUS-00276,requires_review,5240.33,failed,in_progress,3600,manual_hold
ORD-00277,CUS-00277,legacy,5067.15,manual_hold,manual_hold,950,queued
ORD-00278,CUS-00278,high_risk,7814.16,failed,exception,2864,new
ORD-00279,CUS-00279,normal,7237.33,new,closed,4528,new
ORD-00280,CUS-00280,high_risk,6666.81,queued,new,1680,in_progress
ORD-00281,CUS-00281,legacy,1291.96,manual_hold,failed,3408,closed
ORD-00282,CUS-00282,manual,1426.69,exception,exception,121,approved
ORD-00283,CUS-00283,pending,690.48,exception,manual_hold,4914,manual_hold
ORD-00284,CUS-00284,approved,3094.22,exception,manual_hold,858,queued
ORD-00285,CUS-00285,ai_assisted,3118.73,exception,manual_hold,2809,queued
ORD-00286,CUS-00286,legacy,7761.24,in_progress,in_progress,2476,exception
ORD-00287,CUS-00287,internal,3498.28,approved,closed,844,failed
ORD-00288,CUS-00288,rejected,3110.72,approved,queued,4791,new
ORD-00289,CUS-00289,vendor,7623.71,in_progress,manual_hold,1182,in_progress
ORD-00290,CUS-00290,manual,8909.72,in_progress,manual_hold,2015,failed
ORD-00291,CUS-00291,approved,1413.46,failed,closed,3606,failed
ORD-00292,CUS-00292,degraded,1889.9,queued,queued,848,approved
ORD-00293,CUS-00293,standard,1852.41,approved,queued,3135,failed
ORD-00294,CUS-00294,not_enforced,5638.76,approved,in_progress,4795,queued
ORD-00295,CUS-00295,normal,7470.02,approved,closed,482,exception
ORD-00296,CUS-00296,not_enforced,870.39,in_progress,failed,4853,failed
ORD-00297,CUS-00297,ai_assisted,5195.71,manual_hold,manual_hold,3921,manual_hold
ORD-00298,CUS-00298,requires_review,2466.1,failed,in_progress,4706,failed
ORD-00299,CUS-00299,vendor,5821.77,queued,queued,54,new
ORD-00300,CUS-00300,degraded,7366.56,new,closed,3036,approved
ORD-00301,CUS-00301,rejected,4651.91,manual_hold,closed,3802,failed
ORD-00302,CUS-00302,high_risk,9984.13,exception,queued,1262,exception
ORD-00303,CUS-00303,normal,2075.5,new,queued,642,manual_hold
ORD-00304,CUS-00304,normal,2820.63,new,in_progress,3822,queued
ORD-00305,CUS-00305,high_risk,681.7,failed,closed,4320,approved
ORD-00306,CUS-00306,vendor,3392.25,new,new,3938,closed
ORD-00307,CUS-00307,internal,3278.92,queued,queued,3330,manual_hold
ORD-00308,CUS-00308,rejected,7625.36,queued,in_progress,58,exception
ORD-00309,CUS-00309,high_risk,1918.98,closed,approved,2388,in_progress
ORD-00310,CUS-00310,high_risk,7512.4,in_progress,failed,4226,manual_hold
ORD-00311,CUS-00311,high_risk,5327.09,queued,queued,2032,approved
ORD-00312,CUS-00312,internal,6384.01,manual_hold,failed,3528,failed
ORD-00313,CUS-00313,ai_assisted,6311.68,in_progress,in_progress,2493,closed
ORD-00314,CUS-00314,standard,8344.73,approved,failed,1086,queued
ORD-00315,CUS-00315,rejected,4783.25,approved,exception,1056,manual_hold
ORD-00316,CUS-00316,manual,9434.69,approved,approved,3701,new
ORD-00317,CUS-00317,high_risk,2501.51,exception,manual_hold,2817,failed
ORD-00318,CUS-00318,high_risk,636.51,manual_hold,queued,3268,new
ORD-00319,CUS-00319,requires_review,4951.5,failed,queued,1212,new
ORD-00320,CUS-00320,manual,2779.68,in_progress,new,476,approved
ORD-00321,CUS-00321,manual,7834.7,exception,exception,2745,failed
ORD-00322,CUS-00322,normal,251.95,failed,failed,4478,manual_hold
ORD-00323,CUS-00323,manual,5925.53,manual_hold,new,4345,queued
ORD-00324,CUS-00324,rejected,4842.71,new,closed,509,in_progress
ORD-00325,CUS-00325,pending,8489.31,exception,approved,2566,manual_hold
ORD-00326,CUS-00326,ai_assisted,275.41,queued,new,241,queued
ORD-00327,CUS-00327,approved,9369.07,manual_hold,manual_hold,4760,failed
ORD-00328,CUS-00328,vendor,3546.68,approved,exception,1739,approved
ORD-00329,CUS-00329,manual,4019.83,approved,new,900,approved
ORD-00330,CUS-00330,internal,9456.83,closed,closed,1393,queued
ORD-00331,CUS-00331,not_enforced,3543.83,failed,in_progress,4107,manual_hold
ORD-00332,CUS-00332,legacy,7926.82,closed,queued,1373,queued
ORD-00333,CUS-00333,internal,583.8,exception,approved,3247,manual_hold
ORD-00334,CUS-00334,rejected,3510.88,manual_hold,new,3269,in_progress
ORD-00335,CUS-00335,rejected,230.49,manual_hold,queued,3227,approved
ORD-00336,CUS-00336,internal,2663.39,closed,queued,3663,in_progress
ORD-00337,CUS-00337,legacy,8036.35,in_progress,queued,4010,closed
ORD-00338,CUS-00338,not_enforced,6691.46,approved,failed,4160,in_progress
ORD-00339,CUS-00339,ai_assisted,2613.9,new,failed,2566,failed
ORD-00340,CUS-00340,rejected,1046.88,queued,in_progress,3225,manual_hold
ORD-00341,CUS-00341,vendor,9601.44,in_progress,closed,3670,approved
ORD-00342,CUS-00342,legacy,9227.09,manual_hold,approved,1626,new
ORD-00343,CUS-00343,normal,4454.39,failed,closed,4885,queued
ORD-00344,CUS-00344,internal,1543.44,manual_hold,closed,1901,manual_hold
ORD-00345,CUS-00345,legacy,62.87,new,exception,894,closed
ORD-00346,CUS-00346,approved,4847.22,closed,queued,2944,approved
ORD-00347,CUS-00347,manual,5206.3,exception,manual_hold,1999,approved
ORD-00348,CUS-00348,standard,9369.74,queued,manual_hold,3951,closed
ORD-00349,CUS-00349,high_risk,8861.9,in_progress,failed,572,exception
ORD-00350,CUS-00350,legacy,4974.82,new,approved,3476,approved
ORD-00004,CUS-00005,standard,3478.56,failed,new,1604,new
SER-BAD1,,,,,,,
ORD-00013,CUS-00013,approved,7310.4,failed,in_progress,3061,manual_hold
ORD-00019,CUS-00019,not_enforced,6115.03,manual_hold,manual_hold,3246,closed
